time_ms,acc_x,acc_y,acc_z,gyro_x,gyro_y,gyro_z,ir,red
24689,580,2076,15344,105,284,-21,0,0
25292,-156,2008,15668,-471,-205,-867,0,0
25895,308,2180,15324,-41,175,115,0,0
26312,1004,5528,18448,-4392,1458,1475,0,82488
26438,-1640,-6424,-1896,20097,-6148,-429,169119,82346
27041,3304,-3360,23128,26756,-174,-10112,0,0
27644,3876,-2936,20308,13464,1203,-2727,0,0
28042,792,-4360,15592,11706,1435,-2455,0,82972
28645,4540,-4120,15180,17729,-3476,-5889,0,0
29248,3528,-5760,13932,-50,-1030,-730,0,0
29851,1260,-8860,8324,-9694,2280,4520,0,0
30454,1312,-7672,3752,-6529,-2937,3839,0,0
31057,-1512,-7916,-2284,10883,-2691,2328,0,0
31660,-3124,-6636,-2460,32767,-2495,-5435,0,0
32263,1548,-9232,11900,-4512,-99,1974,0,0
32866,2228,-3528,26992,-8015,-9026,-4229,0,0
33469,-700,-1696,16400,-13487,553,4736,0,0
34072,1936,-3332,14696,-25958,1413,5220,0,0
34675,3032,-3372,14148,955,-167,-811,0,0
35278,1708,-7384,11816,-2569,2248,192,0,0
35881,3820,-9036,14248,-7066,2451,579,0,0
36484,2052,-5380,10260,-17912,-287,3675,0,0
37087,-1604,-10592,3304,-11283,-3114,6297,0,0
37690,-2332,-8704,-3336,15035,-2661,3192,0,0
38293,2520,-4032,14736,-3860,-216,-1721,0,0
38896,3300,2692,11324,21705,11981,30879,0,0
39499,-8604,-1620,18648,10548,957,21319,0,0
40102,-11836,-3480,24960,330,-2342,4902,0,0
40705,360,-1584,17672,-3778,1937,328,0,0
41308,-820,-4860,17696,-10357,2224,-3127,0,0
41911,824,-972,21208,-19835,123,757,0,0
42514,2596,-6776,8496,-20621,3415,3710,0,0
43117,-344,-8720,2700,2261,-2066,560,0,0
43720,1456,-612,13460,-2738,-422,-526,0,0
44323,-432,-7628,-1968,12065,-5187,185,0,0
44926,-952,-2036,4908,32767,5078,-9757,0,0
45529,7508,10000,32767,8530,-5114,-9671,0,0
46132,976,-8056,20712,-6273,-14608,-5194,0,0
46735,2596,-4364,15396,-162,-628,-1361,0,0
47338,1348,228,29120,11937,-1582,-7222,0,0
47941,5204,-1268,29596,2566,-1170,-4324,0,0
48544,11420,7460,32767,-2912,-6064,-2230,0,0
49147,-912,-7680,13368,-789,497,1241,0,0
49750,-1012,-740,14604,-14478,-615,-1756,0,0
50353,-1708,-9664,10336,-7120,1019,2370,0,0
50956,-300,-7800,844,1530,-190,3689,0,0
51559,-1624,-5124,8648,32767,121,-5251,0,0
52162,4112,12916,32767,16662,-2238,-8017,0,0
52765,764,-10456,12348,2852,256,460,0,0
53368,-8248,-8500,9112,11708,8437,-23107,0,0
53971,17384,664,22040,-2216,1736,-2497,0,0
54574,5688,-3028,19828,-2962,-196,1519,0,0
55177,-1976,-3352,13868,-5124,-1419,3258,0,0
55780,472,-10656,9468,-6697,1588,2525,0,0
56383,-1720,-8656,-5348,6104,-4053,2880,0,0
56986,-1236,-56,-1676,32767,3624,-4570,0,0
57589,9080,3784,32767,10519,-11765,-8399,0,0
58196,1132,-10296,11924,-2628,-72,2151,0,0
58606,3180,-5228,32767,3268,-6982,-7867,0,84457
59215,-5068,3952,7516,32767,1349,-7488,0,0
59818,2408,-2828,32767,-7100,-3881,-2887,0,0
60421,2356,-2728,17260,-8240,-3090,-1420,0,0
60631,1276,-4456,14012,-1366,252,429,173896,84254
60771,2328,-3576,14884,1074,-1150,-687,173776,84300
60911,1676,-4116,15128,261,-1173,-1318,173484,84111
61051,2296,-3864,15056,111,-446,-356,173438,84130
61193,2912,-3812,15140,-663,-86,-135,173430,84084
61796,4060,-3832,18668,-5139,2297,2710,0,0
62399,3420,-4484,14624,-9344,1447,220,0,0
63002,-112,-7264,12204,-13541,1552,3914,0,0
63605,-2912,-7392,-3096,-7911,-811,9009,0,0
64208,-3304,-7472,-2700,27526,-119,-8152,0,0
64811,20392,14696,32767,14003,-11526,-6556,0,0
64941,4644,-1692,15468,-1464,369,1996,172975,84052
65545,2708,-2880,15704,-3309,1782,3161,0,0
66148,-2152,-8876,8664,1882,1850,164,0,0
66751,-10048,-3988,-400,27514,-2402,-28144,0,0
67354,4728,-572,21932,20728,-1507,-20519,0,0
67906,6504,-6376,16592,-5224,1304,1753,0,84334
68509,3400,-6048,13424,-4026,5431,2179,0,0
69112,4300,-1516,15992,-2280,499,247,0,0
69393,3564,-3636,14304,6647,-3172,-4173,173367,84227
69533,6256,-4436,13908,66,-353,-1184,173303,84141
69675,5980,-2816,14532,-750,-846,-1968,173121,83995
69815,6304,-4064,13420,547,11,-2262,172750,84001
69955,6952,-3456,14112,301,-363,72,172713,84078
70095,5960,-2924,14140,336,677,457,172593,84046
70235,5588,-2564,14324,29,-22,-371,172487,84003
70375,5732,-2716,14480,82,-41,-1027,172469,83949
70517,6104,-3608,13592,475,209,-343,172394,83918
70657,5672,-2552,15312,-1473,826,895,172332,83872
70797,4876,-3772,13820,-847,-35,2367,172194,83973
70937,6292,-2788,14240,467,1407,1775,172823,84071
71540,4728,-2548,18272,-1763,4597,2781,0,0
72143,2552,-4608,23276,-17577,-4178,3453,0,0
72746,2332,-2060,18164,-13795,3695,6652,0,0
73349,-640,-464,10296,-31982,-2008,6718,0,0
73584,-356,-4832,6724,-6230,-3013,2082,172775,84285
73724,7256,-1380,17840,4593,-4331,-6171,173372,84097
73864,4424,-3272,15444,1565,-1019,-2569,172771,84032
74006,6460,-784,14836,329,934,278,172736,83917
74146,5328,-812,13772,194,808,-991,172360,83923
74286,5632,-896,14956,1111,-151,-619,172094,83952
74426,5472,-380,14688,346,555,-487,172042,83892
74566,5596,-596,16276,-1629,1959,575,171970,83855
75169,4880,-1868,18440,-15476,300,4658,0,0
75772,3664,-3228,21216,-9964,2665,3585,0,0
76375,-10816,11208,14700,280,-16543,-8160,0,0
76978,2292,-5520,15712,-10940,2201,3054,0,0
77581,-468,-6312,6036,-10205,1518,3176,0,0
78184,-2480,-7588,-932,13309,-5107,-1591,0,0
78787,-948,3956,21936,27969,-853,-6641,0,0
79390,1580,-1772,16964,-1287,1419,-212,0,0
79993,1572,-3584,15740,1311,757,164,0,0
80596,412,716,18680,24949,590,-3237,0,0
81199,7960,40,29180,-5213,-5988,280,0,0
81802,920,-1892,20668,-20299,-33,5481,0,0
82405,2868,-2800,9552,-27006,1230,8203,0,0
83008,152,-6744,5368,-17929,1301,4457,0,0
83611,2016,1116,18384,-1699,-1240,-575,0,0
84214,2116,-4124,15836,-1481,891,242,0,0
84817,3096,-3132,22980,-28067,-2514,350,0,0
85420,3076,-4164,11144,-27457,3392,10836,0,0
86023,176,-6420,468,-1044,-2243,353,0,0
86626,-2800,-4896,-8456,32767,-9515,-7982,0,0
87229,4772,-148,15260,-1818,3081,-764,0,0
87832,856,-3788,9416,-9989,-2874,10640,0,0
88435,-7464,-5208,5672,3783,3794,1042,0,0
89038,-7800,-796,472,32151,4338,-28512,0,0
89641,27964,15244,32767,13129,-12925,-17429,0,0
90244,5452,-660,15660,-952,904,1792,0,0
90847,1396,-6316,15016,-5261,1703,2601,0,0
91450,1520,-8228,12144,-516,2988,1881,0,0
92053,-5548,-3608,5500,-10746,1360,21993,0,0
92656,5812,-4280,15568,-5715,-668,7915,0,0
93259,2976,-768,16568,-814,-873,1728,0,0
93862,-1128,-7468,13392,-6242,212,9839,0,0
94465,3280,-4320,15708,1836,822,2200,0,0
95068,-14948,18192,-8016,9601,5831,-7682,0,0
95671,2572,-6100,16296,-5291,1155,5485,0,0
96274,-1632,-4212,15668,-4948,685,-12,0,0
96877,1684,-9228,12096,-8697,858,11634,0,0
97480,868,-3408,12704,-4194,-500,832,0,0
98083,-284,-8092,15336,-8555,3783,4513,0,0
98686,1644,-2744,12608,-4533,809,-192,0,0
99289,-120,-9348,932,2393,-890,726,0,0
99892,1280,-5892,17244,-5099,2900,1597,0,0
100495,-4460,12836,32767,32767,-9887,-10009,0,0
101098,-780,-7352,14112,-5229,271,1885,0,0
101258,808,-6696,25784,-12878,1474,-465,177320,85609
101400,1904,-3668,11236,-5905,1560,1301,177137,85527
101540,5332,-3960,13844,680,-2593,-108,176333,85393
101680,1436,-7508,16876,-5859,-216,-1964,175843,85279
101820,1320,-9472,14280,-12448,3774,5633,176222,85276
101960,-448,-9532,7060,-10082,2179,4255,175771,85168
102102,1976,-5800,-1104,17272,-5376,-1172,175662,85170
102361,-5248,11992,32767,32174,1499,-7664,176567,85470
102503,72,-1804,11456,-6017,-166,336,176845,85452
102643,988,-3860,14160,258,4,-893,176537,85375
102783,100,-4476,17448,-2677,1207,-2568,176057,85413
102923,1400,-7980,17908,-15194,5809,2526,176340,85336
103063,-56,-8128,7080,-13829,5091,5796,176467,85433
103205,-1724,-8224,4172,2909,-4970,-971,176796,85384
103444,-7304,6584,19824,32767,2464,-6978,177330,85613
103586,692,664,14180,-3103,1334,-1466,177092,85535
103726,2560,-708,15864,-1122,1685,312,176743,85472
103866,584,-1788,15960,-6294,869,-264,176487,85470
104006,-468,-4460,16120,-5703,5320,1554,176197,85344
104418,-1632,-6960,15292,-14148,9113,2811,0,85291
104607,-2136,4228,32767,23377,-17778,-7109,177660,85678
104749,-1152,-2732,14688,-1548,277,3599,176933,85525
104889,2704,-3676,14448,771,-733,-1187,176398,85413
105029,1492,-3472,20336,-6815,3767,425,176282,85536
105169,1012,-6952,14768,-22994,4618,5386,176673,85490
105309,-300,-7388,3356,-9875,-851,1510,176249,85382
105610,-1668,7920,11612,32767,946,-7129,176744,85485
105750,2244,-2132,12580,-1424,1759,-767,175811,85202
105892,3448,-996,15596,137,-131,-1486,175718,85229
106032,3284,-3540,17816,-3189,1958,465,174805,85001
106172,2428,-5392,16332,-11277,3472,1609,174490,85032
106312,2652,-7868,12768,-15425,2800,5325,175183,85064
106452,792,-8996,8632,-9912,1437,1477,175425,85193
106653,-3992,4448,-21640,32767,-9218,2231,175913,85517
106793,248,-1664,18832,-5578,569,1232,177053,85529
106935,2012,-1892,13728,-2162,1871,-385,175943,85294
107075,1820,-1648,17004,-4318,1236,-810,175860,85229
107215,-56,-4596,18156,-13516,490,-2479,175567,85270
107355,2796,-9520,12116,-19871,3495,159,175787,85313
107495,1568,-11972,4460,-9834,1648,4480,175768,85321
107635,1548,-436,-11072,32767,-11858,-1085,175132,85072
107777,4304,-612,32767,3746,-12189,-6365,177402,85612
107917,3400,-2636,14128,-7200,-4326,-1032,176682,85467
108057,3480,-2852,12976,1098,-2428,1793,175336,85300
108197,4720,-2544,15508,-2008,-1295,459,174997,85065
108337,4668,-5232,17336,-8688,-460,805,174686,85020
108479,4248,-7764,14712,-14000,1881,5080,175009,84977
108619,3040,-9340,9396,-14551,1762,5312,175383,85184
108759,912,-9452,3552,-282,79,3426,175209,85230
108899,-3880,2316,-5964,32767,3170,-6779,174166,85203
109079,-1012,-12992,24032,-14050,-10297,-2335,176359,85389
109221,2628,-3868,10792,-3484,1520,705,175422,85152
109361,4412,-3384,15592,-1037,-548,-545,175263,85103
109501,2524,-7272,17212,-8493,1516,1495,174869,85109
109641,2180,-8668,13524,-15693,2227,4825,175102,85161
109781,848,-10040,6284,-14331,1139,3780,175170,85156
110002,1556,-6192,-5296,21358,-7256,903,175263,85087
110142,6832,-16592,21672,-8304,2353,3730,175643,85183
110745,8676,492,10648,-4832,307,2351,0,0
111200,2716,-8448,9216,-18388,642,12604,0,85064
111326,8356,-14036,18656,-5880,-7416,1533,177610,85535
111526,4004,-4900,10080,-2438,-1339,3153,175811,85315
111666,6196,-4608,13000,1198,-2780,225,175126,85092
111806,6308,-5348,14144,4687,-1965,1344,174792,84984
111948,5904,-4360,14120,3316,-1424,910,174868,85007
112088,6356,-3828,14308,1219,-512,-425,174419,84993
112228,6328,-7232,18832,-8958,9816,3666,174749,85140
112368,4548,-6848,13184,-20610,5265,4148,175787,85297
112508,6012,-9004,-2432,92,-5266,1076,174892,85085
112650,-4144,11132,27640,32767,3279,-18410,176020,85563
112790,-1256,-3616,16928,-9186,3787,1196,174711,84894
113393,6364,-1420,10540,-1019,6426,-2292,0,0
113996,-416,-7464,2892,-11043,679,5973,0,0
114599,4756,-3304,14124,1995,1153,-1289,0,0
115202,-3336,-2144,-2124,32767,1515,-14052,0,0
115805,2136,-4392,14180,-2588,397,1700,0,0
116039,184,-7748,11908,-4685,-1152,1283,175137,85125
116179,3340,8452,32767,5424,-14294,-842,177306,85672
116319,1632,44,13596,-6884,-6950,-192,175906,85492
116459,1912,-2060,18788,-9021,169,112,176049,85473
116599,2048,-5468,13640,-20458,3600,3583,176044,85400
116739,-1264,-10200,8988,-14527,3417,6753,176360,85489
116881,-2428,-9804,2388,-2165,-2449,566,176813,85703
117021,-4052,976,14924,32767,-963,-5999,176699,85829
117161,1324,-7744,19412,-7620,-6801,-2313,177937,86062
117301,1168,-3568,12724,-205,94,26,176650,85592
117441,2740,-3972,15564,-70,-701,-53,176526,85634
117583,2200,-5324,16344,-3904,848,952,176487,85530
117723,1688,-6320,14912,-7924,1049,6704,176529,85595
117863,1000,-6344,12184,-5450,726,4013,176215,85637
118003,-1272,-8252,10012,6,-3166,431,175945,85487
118143,-5892,-5944,5460,26049,3800,-23011,174303,85187
118283,10916,-6828,18148,-2972,-1850,264,176566,85455
118425,1164,-2092,13304,-1204,-23,367,175260,85279
118565,4380,-2284,17068,-2213,-373,1319,174941,85244
118705,4368,-4404,16172,-8497,-89,4406,174626,85248
118845,2368,-6720,12992,-10462,835,8795,174943,85213
118985,1072,-8380,10344,-7789,-2167,7988,175381,85372
119127,-1524,-9068,7036,6499,-4782,1633,175450,85366
119266,-4928,-540,11968,26202,-2688,-32768,174959,85579
119869,3320,-5628,16032,-680,4255,2126,0,0
120371,3576,-6820,13800,-10400,-625,8733,0,86063
120509,3264,-8388,11652,-1216,6686,4973,175276,85370
120651,4660,-2528,13512,-382,597,-394,175460,85408
120791,6048,-3020,14596,1145,-536,2149,175045,85254
120931,4308,-3792,16708,-663,1663,3983,174734,85370
121071,4664,-4896,13916,-4728,87,9429,174731,85278
121211,2932,-6072,13360,-5554,1241,8254,175217,85401
121353,2288,-7476,12864,-2740,605,5389,175951,85542
121493,1408,-8368,13068,-569,-308,3392,176355,85623
121633,-2968,-7952,8832,2117,656,-1683,176016,85417
121773,3696,3316,20540,24680,3348,-27378,176352,85985
121913,8048,-6248,13944,-4091,-3152,3884,175480,85346
122053,3376,-1568,14440,-831,-1723,1480,174636,85138
122195,5908,-1748,16148,-2184,763,5903,174821,85188
122335,2328,-4564,16072,-6992,-415,7074,174131,85077
122475,2252,-5652,14356,-6617,2890,8565,174647,85329
122615,-280,-8700,12040,-5259,2149,7412,175008,85263
122755,-1800,-8692,11284,-2714,-583,3248,175385,85410
123358,-12196,-6256,1464,14316,547,-15878,0,0
123961,-4512,-7336,11728,-4306,1677,4067,0,0
124564,8124,9292,31828,23166,5039,-22279,0,0
125167,644,-6664,13328,-7718,-3162,5982,0,0
125770,1364,-2764,14816,-2325,-3791,314,0,0
126125,316,-9220,10160,-8980,1011,10136,0,85110
126265,8576,-8608,18476,-6179,-5137,1247,176858,85594
126405,1300,-2844,13492,-3301,-2793,1215,175434,85336
126545,4996,-3116,15552,-913,-3271,1348,175181,85309
126687,2868,-6272,15312,-3947,73,1918,174788,85186
126827,4196,-7752,15544,-9395,2488,6736,175452,85337
126967,1088,-10080,9428,-14109,946,9196,175602,85480
127107,-2972,-10484,40,7956,-274,-1928,174974,85252
127247,4956,5200,27320,32767,6274,-16159,176910,86017
127387,3508,-8756,16884,-4858,-1482,2684,175995,85474
127529,4156,-1544,15164,-6683,163,1725,175976,85486
127669,4988,-6940,15692,-12246,690,3921,175434,85323
127809,964,-8788,10736,-14991,-1115,7545,175171,85450
127949,96,-9376,2496,3331,-4273,-59,174593,85211
128089,-3576,-8632,7656,32767,8287,-16188,174133,85248
128231,7300,-5404,22728,-2536,-11803,1111,176391,85431
128371,3212,-2160,14380,-6173,-539,2677,174947,85264
128511,4848,-4144,15016,-7367,-457,3856,174711,85282
128651,2392,-6712,15124,-11404,702,5682,175010,85404
128791,20,-10344,11104,-14241,2306,10957,175456,85479
128931,-596,-11112,4660,-8386,-2050,7293,175704,85505
129073,-4876,-10168,3700,7990,-7390,-420,176439,85608
129213,13528,5732,29168,32767,5061,-32768,177924,86104
129816,2468,-9060,14392,-2529,120,4540,0,0
130376,3752,-7196,14584,-11541,670,8719,0,85939
130516,4900,-13960,15432,-5710,-1273,3650,176882,85817
130656,4244,-3924,13828,-4638,1518,2353,176785,85736
130796,6168,-5584,14764,-6434,-346,6846,176418,85678
130938,1860,-9916,11276,-9977,-2954,11850,176253,85625
131078,-156,-11504,8832,-4337,-2022,7319,176924,85847
131218,260,-12508,8772,-1054,1048,1466,177671,86130
131358,-556,-12556,9572,-1644,-146,1350,178140,86226
131961,-6928,-10848,1252,9046,2898,-5249,0,0
132564,3420,-5248,13424,-8300,-1841,7280,0,0
133167,-6544,-7772,-1772,23555,-404,-19080,0,0
133770,4024,-8560,12680,-11811,3372,9508,0,0
134373,5736,-9964,24120,-4376,-4645,2504,0,0
134976,300,-12088,5636,-10103,-1293,7732,0,0
135579,8808,-4440,21236,-4267,-7095,709,0,0
136182,-460,-12656,8148,-2433,223,1806,0,0
136785,1512,-6412,9008,-20353,-252,10977,0,0
137171,-1696,-12084,4020,232,-344,647,0,86652
137774,-2560,-196,15136,-7126,3349,8565,0,0
138017,2376,-9984,11584,-6514,746,3701,177828,86057
138157,1432,-11128,5884,-2341,-4543,2234,177869,86135
138337,-16972,-5768,-7108,32767,5054,-32768,178218,86759
138477,1024,-11372,12896,-6175,4671,7426,177253,85924
138617,6524,-812,13720,253,-1292,-1212,177862,86109
138759,5976,-2944,14820,-798,750,1025,177740,85956
138899,4940,-4344,14744,-352,56,-251,176770,85808
139039,6604,-5912,17424,-5632,-436,3784,176674,85929
139179,4932,-7192,12820,-15977,94,14677,176781,85892
139419,-4912,-6992,-1380,3213,-5007,1923,174726,85709
139561,6996,-15656,14740,-8231,-1993,8450,176013,85460
139701,6800,-2772,12676,-2026,-2934,2762,175663,85502
139841,10552,-3348,13828,380,-811,2419,175599,85626
139981,5664,-6964,14568,-3802,457,2271,175148,85429
140121,6384,-8188,14540,-6006,2589,6266,175590,85544
140263,3968,-8824,10280,-12662,2146,11292,175932,85630
140866,-12864,-8428,-8108,16404,3172,-6898,0,0
141465,5012,-7128,15796,-7265,1635,2678,0,86221
141605,1664,-7552,16364,-5076,5095,4096,176362,85764
141745,4788,-1936,13168,-1892,2364,1353,176349,85689
141887,4692,-2920,14772,-2072,2102,1443,176136,85616
142027,5112,-4824,18536,-6814,4356,1690,175973,85695
142167,1972,-8172,13656,-18293,3033,8591,176151,85832
142307,-396,-9808,4624,-10897,2147,7440,176587,85903
142447,-6192,-4500,-4832,29576,-10530,-18569,175474,85627
142589,16204,7612,32767,8261,-2826,-6419,178787,86229
142729,3860,-3324,13812,-4894,-40,3318,176178,85717
142869,5600,-2612,14200,-1885,-779,1559,175537,85718
143009,5016,-4064,15952,-6928,314,3296,175311,85572
143149,3740,-8540,15420,-12094,2449,7203,175523,85662
143289,808,-10788,6884,-12656,1405,8279,175478,85661
143431,-2992,-6780,-1916,18161,15,-8352,174742,85372
143571,21108,13412,32767,15404,-11443,-14667,178078,86295
143711,3912,-6356,15820,-8862,2140,4544,176452,85858
143851,6908,-5064,14064,-7497,3015,4931,176403,85833
143991,5232,-5960,11492,-12153,446,8324,175604,85632
144133,-1160,-9736,4232,149,-1598,-202,174497,85308
144273,-1128,-4188,9272,32767,8253,-12425,174295,85337
144413,5412,-10076,21300,-10396,-9408,2122,176292,85786
144553,-396,-3440,12416,-7188,3158,3553,175291,85611
144693,5128,-5820,14760,-5732,1748,4549,175371,85637
144835,2440,-8672,12480,-9216,-80,8412,175080,85518
144975,1524,-9252,11244,-4324,996,6986,175838,85747
145115,-2292,-11952,8708,-389,311,2565,176051,85871
145255,-1680,-10540,11308,2540,1640,1963,177317,86204
145858,-2352,-8504,8632,3876,969,-774,0,0
146461,-744,-5684,13984,-7521,207,8177,0,0
147064,2064,-10360,16536,-11068,-11583,2787,0,0
147461,-2732,-12084,8744,-5656,-84,4487,0,86534
147601,4028,-6192,15168,-5786,-269,4425,177705,86162
147741,4796,-1880,14960,-3751,-1466,2787,177528,86145
147881,3036,-5380,16400,-7096,2898,4888,177529,86124
148023,2260,-7676,12988,-14377,-972,8090,177320,86029
148163,-892,-9576,4576,-3561,-1687,5778,176478,85882
148303,-6584,-4072,1748,32767,4093,-21440,175126,85591
148443,9924,-9048,22748,-8630,-4499,6035,178335,86105
148583,500,-3332,13520,-6386,555,4789,177144,86082
148725,4180,-5480,14452,-4007,-577,4634,177267,86031
148865,936,-7672,14272,-8472,-629,5481,176627,85862
149005,1972,-10444,11040,-10503,1448,7699,177318,86154
149145,-2992,-9848,6636,-270,2197,3149,177380,86168
149285,-15036,-4500,-1772,29350,8053,-32768,174880,85674
149425,16012,-11312,17156,-1935,-729,2703,178381,86208
149567,6004,-2732,13444,-4125,-1176,1122,177595,86152
149707,5168,-4444,12708,887,-2239,540,176538,85974
149847,8352,-5380,15448,-2158,-1114,2320,176293,85947
149987,7004,-6732,15132,-9950,702,10583,176328,85903
150127,552,-9080,6708,-6450,-4581,11777,175528,85648
150269,-14008,-7024,-2972,29924,1460,-32768,173722,85333
150409,16320,-10072,16284,-3998,-8738,3333,176053,85596
150549,5508,-1788,13048,530,-518,1195,174712,85655
150689,8488,-1848,13400,1041,1518,-369,174810,85532
150829,7912,-2820,14912,-4614,504,2215,174741,85507
150971,8920,-4396,14828,-7255,1754,7743,174757,85438
151111,3816,-7084,12436,-10665,1694,10806,174729,85497
151251,4124,-10364,8900,-8066,-1802,8163,175543,85786
151391,-1372,-10840,4292,6870,4229,1683,175979,85747
151531,-52,-2580,7068,32767,17272,-32768,175942,86166
151673,6268,-11976,16168,-4945,-1462,4611,177330,86034
151813,4092,416,13720,-3989,-692,819,177356,86109
151953,5460,-768,15092,-2640,-161,2878,177194,86131
152093,3508,-4300,16528,-5019,-705,3591,177037,86130
152233,2200,-6996,14584,-8570,-708,8973,176753,86040
152373,1600,-7776,12988,-9956,-1457,9129,177367,86173
152515,-1688,-8852,3996,3450,-3265,3245,177373,85971
152655,7996,18124,32767,21720,6283,-24903,179536,86752
152795,404,-3788,13316,-4182,6838,5012,177018,86086
152935,2424,-2704,13416,-240,1280,-228,176864,85985
153075,3292,-2224,15700,-472,1014,266,176781,85924
153217,2960,-3944,17036,-4024,1116,924,176811,85925
153357,3004,-5888,15040,-8972,451,4898,176724,85863
153497,3004,-7668,12148,-11053,-652,9906,176785,86120
153637,-2120,-8628,6972,-1755,-2250,4530,176894,86054
154240,-5904,-5888,2360,32767,5749,-28689,0,0
154843,2788,-6332,15684,-7331,-140,5440,0,0
155446,-160,-2696,13424,-4051,4057,4993,0,0
156049,-1084,-4680,14464,-6093,6139,9953,0,0
156652,-15796,-7756,-2240,16922,-9134,-16264,0,0
157255,664,-4732,15848,-6475,-62,4065,0,0
157858,-2440,-1704,13212,-4437,1848,3985,0,0
158461,-1164,-8004,12620,-7079,-483,3165,0,0
159064,1580,-4944,14556,-2636,433,2313,0,0
159667,-1160,-7660,8144,-5211,-3049,7902,0,0
160270,3332,-3176,15208,-587,-199,2390,0,0
160873,-1824,-8132,4372,335,3355,4479,0,0
161476,1360,-5280,15484,-12904,-103,1816,0,0
162079,5104,13408,32767,27601,1125,-11275,0,0
162682,1336,-11304,8236,-11144,-913,4719,0,0
163285,2264,-3992,14176,-1701,752,-125,0,0
163564,0,-12068,-5236,11782,-5966,-243,178958,86646
163704,-1296,-1380,16196,-7696,5288,5810,177407,86377
163844,608,-3816,14944,-4706,4204,1491,176529,86195
163984,1748,-4848,16408,-12471,3865,1042,176997,86275
164124,-192,-8568,11564,-17271,4770,4289,176930,86253
164266,-2264,-12088,3672,-6759,2390,1657,176794,86236
164485,-3868,3076,-15008,32767,-8529,-16784,179139,86686
164627,292,-1580,13960,-8460,3328,3280,178277,86564
164767,1832,-4724,14180,-2163,2521,1601,177444,86320
164907,1824,-4348,14504,-5501,149,-733,177371,86440
165047,720,-7288,14924,-5271,1199,52,177130,86287
165187,1324,-8000,14024,-11226,86,3495,177263,86377
165329,676,-10060,7332,-8666,1430,1604,177540,86457
165469,-1056,9528,13828,32767,4466,583,178004,86719
165609,1972,-8892,17368,-11646,-2489,-609,179006,86798
165749,1172,-4320,12384,-1473,633,-236,178052,86576
165889,3460,-3676,15992,-195,-360,-317,177574,86431
166029,1164,-6524,15372,-4357,357,-1776,177020,86280
166171,1528,-8668,15768,-12117,2890,2634,177642,86407
166311,2828,-9312,8268,-9550,2283,4517,177562,86358
166451,-1064,-5988,-3140,15884,-437,-730,176678,86124
166591,12540,21508,32767,23370,1096,-6821,179526,86881
166731,-696,-2048,13628,-14111,1075,3216,177084,86288
166871,3036,-4468,12832,-4441,2337,2818,176753,86158
167013,2040,-5496,15080,-8057,1695,87,177138,86224
167153,1472,-10352,13356,-11881,2206,2036,176832,86207
167293,1412,-11036,7084,-12240,1830,3813,176810,86274
167433,-1440,-5996,1788,16102,2520,2377,176344,86101
167573,7732,4908,32672,23714,-7365,-9976,178616,86658
167715,1884,-6696,12976,-13999,-2890,970,177810,86369
167855,3180,-8188,13312,-9823,3225,3835,177726,86374
167995,728,-9768,10480,-12528,1823,1174,177277,86405
168135,236,-12920,6996,-7595,459,984,177294,86307
168275,-1168,-13020,4460,-6,-797,1248,177177,86295
168417,-1188,-896,-2556,32767,-1692,-5792,176894,86137
168557,7232,1216,32767,828,-7199,-3435,179657,86788
168697,-128,-3176,14220,-9646,2490,2670,178409,86691
168837,2776,-6848,14572,-11255,2123,2078,178141,86564
168977,552,-9648,10856,-16003,-343,1581,177421,86334
169117,-300,-13128,7232,-11225,2909,4280,177354,86288
169259,1100,-10696,-828,8300,-3227,622,177254,86340
169399,356,5320,28900,32767,2343,-7902,177867,86623
169539,1480,-8596,15928,-14318,-243,1793,178025,86568
169679,2264,-3092,12552,-5353,1906,164,177666,86409
169819,4032,-6824,14152,-7735,-2563,-2672,177451,86351
169959,1896,-10236,13220,-10097,1361,105,177160,86265
170101,1336,-12340,10600,-17211,7017,3797,177849,86471
170241,1388,-9652,-212,1310,-417,735,177308,86368
170381,-4220,-5076,-14580,32767,-2089,1661,176137,86338
170521,-164,-12776,22412,-10586,-14355,2711,178774,86616
170661,608,-2236,12728,-8908,-3347,-664,178361,86633
170803,1156,-5060,13996,-4676,-387,-2228,177710,86364
170943,2532,-7892,15952,-7954,2817,-2314,177292,86353
171083,1448,-11136,10004,-22013,1028,8217,177898,86549
171223,-1512,-10016,1504,-4248,-497,4008,177327,86473
171363,-4512,-6268,-3856,32767,-10686,-9832,176303,86174
171503,7988,-3784,32767,-4676,-12652,-92,179514,86789
171645,776,-3888,11920,-8724,129,4237,178497,86697
171785,2780,-7116,13228,-3223,799,1552,178113,86598
171925,684,-7360,13260,-2159,2454,4371,177647,86611
172065,-1060,-8564,12016,-1721,474,1623,177446,86462
172205,-1880,-8612,12932,50,-162,906,177652,86558
172347,-972,-8764,12996,284,119,250,177966,86511
172487,-1768,-8116,18872,-5776,2191,562,178330,86734
172627,116,-10968,4860,-18238,2527,1006,178882,86983
172788,-7960,10156,7600,32767,12463,-7284,178109,86868
172928,976,-5324,14880,-9577,-994,-4416,178807,86769
173068,1956,-2672,13952,-1521,1744,553,178302,86750
173208,2476,-1588,15872,-1352,200,52,177819,86526
173348,-1004,-5924,13208,2166,280,-5000,176371,86247
173490,2672,-5292,20720,-9782,-1862,-967,177606,86413
173630,1196,-5944,12516,-21277,4077,4811,177394,86429
173770,1684,-8876,-2412,3433,-2600,3989,176216,86316
173910,6088,13252,32767,32023,-1210,-9961,178420,86905
174050,3632,-3836,15400,-7397,1638,3427,177013,86317
174190,1604,-3056,12880,-1155,724,-20,176353,86205
174332,2936,-3100,16108,-2640,611,-1295,176294,86176
174472,1900,-6016,16320,-7460,187,-1314,176049,86160
174612,2348,-7832,14792,-14191,1804,3021,176556,86329
174752,1432,-10068,7552,-11633,4002,2341,176702,86315
174892,364,-10596,3896,1598,-1987,-1212,176642,86308
175034,-748,460,4032,32767,9744,-12813,176489,86558
175174,1824,-12132,20820,-16231,-15102,-2000,178023,86611
175777,2020,-904,12280,-6380,1665,3843,0,0
175935,-1940,-6104,-6112,32767,5523,-13950,176321,86646
176075,1224,-15960,18704,-11194,-10725,1430,178296,86730
176217,2104,-1636,12996,-5568,-1772,884,177992,86662
176357,3448,-3576,17112,-3991,-633,955,177267,86554
176497,2704,-7608,13916,-12580,-2601,2792,176579,86385
176637,1896,-11472,9816,-11588,207,5202,176862,86385
176777,908,-10740,7312,-4834,512,2585,177269,86495
176919,1540,-6652,-5304,32767,-11202,732,176314,86121
177059,6736,-7740,31884,-2880,-12184,-5785,178427,86639
177662,1768,-2212,12888,-5171,792,2035,0,0
178171,2592,-11624,11660,-8106,1659,3416,0,87166
178301,-2052,-3344,12996,-12087,3885,6232,178425,86795
178443,2272,-6592,12960,-5744,468,286,178367,86646
178583,2416,-7460,13168,-5343,1803,1355,178416,86760
178723,2132,-8820,11468,-1485,-803,2411,178380,86795
178863,-252,-9432,13404,-1005,683,816,178359,86827
179003,576,-10500,13024,-4420,2257,1583,178633,86864
179143,-72,-10892,10464,-6990,819,2012,179039,86898
179285,-448,-10380,2948,7975,-1566,-511,178834,86840
179425,-6072,1668,16600,32767,11999,-3449,178094,86727
179565,2096,-6192,22528,-17352,-6752,-971,179034,87015
179705,484,-5216,10228,-22672,-1204,5595,178868,86852
179845,200,-9876,7936,-8037,1843,2568,177991,86735
179987,-1468,-12020,9132,-689,-967,-625,178589,86812
180127,-364,-12268,11400,69,72,759,178909,86875
180267,72,-11996,9848,-6535,614,2515,179191,87046
180587,-1412,-10568,2740,7430,60,-2520,179572,86998
181190,3612,-4680,14428,-11440,6377,1686,0,0
181570,5020,-6352,14140,1639,-1515,-1034,0,86528
181710,3616,-7104,9344,-22095,6559,12285,177916,86668
181971,-4232,-96,-3580,32767,3671,-6873,178081,86549
182111,2996,-3820,14348,-2032,1611,-2017,176082,86184
182714,6512,-3828,14012,1356,-992,-1209,0,0
183317,8268,-4372,19148,-6142,6223,2152,0,0
183920,3632,64,13120,-3990,722,-1183,0,0
184238,2416,-7280,5160,2726,1689,5468,179163,86885
184841,-932,-648,14116,-6700,-1903,1884,0,0
185444,4692,-3216,15700,-4432,2551,-751,0,0
186047,3560,-1900,16304,336,2276,3285,0,0
186324,-1024,-7420,-4204,12300,-3298,527,179847,86972
186927,-1472,-2592,13344,-6558,574,1930,0,0
187065,9376,10056,21084,32767,-9347,-10241,177881,87087
187668,3392,-8464,18724,-9521,517,-2001,0,0
188271,768,-6072,14868,861,864,-728,0,0
188429,-21940,-1648,28812,10489,-3332,5409,178184,86959
189032,-960,-1444,15124,-2845,2029,2066,0,0
189332,18264,-6968,-7548,22015,-4032,20625,179794,87190
189472,-2032,-680,12784,-4323,837,1433,180134,87284
189612,-296,-2356,14820,-680,-1765,-2761,179196,87173
190215,140,-4144,16348,-4844,-2461,-4758,0,0
190818,-5368,12688,32480,22857,-3760,8421,0,0
191421,3828,-7576,15964,-17054,3307,-4344,0,0
192024,180,-5176,15396,-5251,2740,3417,0,0
192601,1868,-10672,13712,-15485,4691,-1786,0,87451
193204,-2680,-1756,13224,-2530,-877,-515,0,0
193807,1476,-10192,3308,-12252,418,192,0,0
194410,-720,-3888,16100,-3204,1568,-5918,0,0
194585,-16616,2792,32767,14513,-3004,-164,179539,87247
194727,-2864,-1980,14212,-2858,-2366,1629,180039,87407
194867,296,-4684,13564,1793,-1636,-1961,179237,87179
195007,-1684,-4772,16920,-3131,2088,-5606,178739,87164
195147,476,-6648,17272,-11935,7217,-8836,178734,87125
195287,904,-9128,10472,-17218,5668,-3159,178972,87167
195890,6084,-9424,-4932,10808,-10700,3629,0,0
196493,676,-3464,16444,-1889,1239,-5836,0,0
197096,9024,-1744,32000,8807,-5416,-8952,0,0
197699,-3072,-12468,-2124,29473,-873,-11953,0,0
198302,2756,-6668,18324,-9531,3952,-806,0,0
198905,-2676,-13384,6176,184,-906,-647,0,0
199508,1448,-5956,14364,-5344,986,-3960,0,0
200111,-9380,22872,32767,31700,10573,-295,0,0
200714,3000,-5572,16212,-1173,1554,-629,0,0
201317,2812,-15132,19512,-10676,-4541,-18,0,0
201920,1228,-11484,8028,-19659,6121,957,0,0
202523,4172,-6204,13172,1371,225,-593,0,0
203126,-3116,2384,24964,17032,13652,-32768,0,0
203729,2780,-5880,15580,-5605,-88,11219,0,0
204332,2664,-400,14252,1517,-1843,-237,0,0
204935,5132,-11416,1624,-18630,-181,14241,0,0
205538,5080,-3008,15916,-3887,1834,-1659,0,0
206141,-13108,500,32767,11538,-15605,-11958,0,0
206744,2244,-8764,16096,-18190,7362,-2217,0,0
207347,2472,-1716,13240,-331,809,2511,0,0
207950,4824,-5104,19516,-2945,3216,555,0,0
208553,6400,-7860,20800,-8688,-18489,-8341,0,0
208905,3872,-4416,20800,-24894,5600,5481,176489,86839
209508,-2864,-1900,23344,32767,2539,-5044,0,0
210111,7820,-5684,18028,-21570,17960,1063,0,0
210714,-412,-636,10936,-4396,4035,4371,0,0
211317,-904,-7920,4344,-18425,9261,5818,0,0
211920,1672,-6732,17700,-7293,5323,-1861,0,0
212523,2316,-5540,18196,-12001,11743,5998,0,0
213126,116,-4716,13040,24429,6440,457,0,0
213729,-4280,5308,32767,26414,-6297,-9955,0,0
214332,5832,3240,26176,24542,1206,-5832,0,0
214935,-3624,-9264,23980,-12464,-9417,-4574,0,0
215538,192,-9524,7844,-930,-1238,1207,0,0
216141,3184,-7740,13164,628,-937,-949,0,0
216744,4600,-6636,14096,630,578,-1258,0,0
217347,4028,-7212,13248,2202,-2089,-2280,0,0
217950,4976,-5500,13196,936,-1672,-545,0,0
218553,3392,-4548,15280,173,3476,2358,0,0
219156,2780,-5740,12416,1614,-2514,-1647,0,0
219759,3484,-3424,14380,-1262,-384,-1230,0,0
220362,5872,-4924,12332,-3818,-2541,-2759,0,0
220965,6216,-8660,9916,-814,-8318,3438,0,0
221569,5760,-2828,12004,1241,5724,3397,0,0
222173,2528,-3884,13460,-1603,9917,5235,0,0
222776,-3488,-8164,15820,-2338,70,16455,0,0
223379,-3752,11436,25308,32767,-378,-27831,0,0
223982,-1472,-8584,10412,-9522,127,5720,0,0
224585,3196,-2464,16120,756,525,439,0,0
225188,2068,7968,30184,30645,13177,-27150,0,0
225791,2392,-7364,14932,-8905,954,4439,0,0
226394,-132,-2444,12720,-3070,1732,2064,0,0
226997,-6152,-5592,3412,32767,5185,-9573,0,0
227600,2476,-4284,14980,-3967,-1475,608,0,0
228203,2944,-8080,14340,-8797,1851,4190,0,0
228806,1540,-2484,14908,-3971,5012,3307,0,0
229409,6872,11484,32767,26988,-15329,-8704,0,0
230012,564,-9240,10520,-10890,75,1893,0,0
230615,1528,-1868,16232,-3745,-71,899,0,0
231218,-5928,-6376,-2012,32767,-2700,5141,0,0
231821,360,-6424,14276,-3327,1470,313,0,0
232424,3172,-9016,17724,-9741,-4313,2583,0,0
233027,236,-9540,16008,-13573,-4059,1551,0,0
233630,3924,-3028,14148,1171,-309,-746,0,0
234233,-1732,-6352,-5600,32767,-5876,-2654,0,0
234836,3260,-2888,16376,-2618,1549,-820,0,0
235439,4724,-7092,20004,-6594,-5864,-2095,0,0
236042,4684,-5900,14664,-16900,4073,6370,0,0
236645,4004,-1032,11876,-3004,1949,581,0,0
237248,1372,-7460,4748,-9692,1706,4236,0,0
237851,3132,-7228,15184,-12456,2377,3471,0,0
238454,-2076,-2428,13172,-5905,1203,2139,0,0
239057,4128,-6164,14368,-14634,4169,3618,0,0
239660,5824,-3192,11228,-4012,355,-19,0,0
240263,8044,13852,32767,32767,-6292,-10602,0,0
240866,32484,10504,30892,336,-5803,-4047,0,0
241469,-304,-8576,8136,1174,-6003,9144,0,0
242072,2288,-6488,13724,-5891,30,6485,0,0
242675,19008,732,26524,-6333,114,7594,0,0
243278,-4332,-10552,4988,2556,2138,-4360,0,0
243881,1836,-8776,14252,-8984,-1562,9958,0,0
244484,2052,-1492,16088,-2018,3143,7177,0,0
245087,-212,-9484,8416,-3283,-1294,5679,0,0
245690,3548,-7068,14228,-10792,-10,10187,0,0
246293,764,-3724,13892,-945,1319,3351,0,0
