[,acc_x,acc_y,acc_z,gyro_x,gyro_y,gyro_z,ir,red
1073,-24,4184,15156,-6,2221,-166,177435,86951
1213,-800,3556,14864,-219,-1542,-1974,177488,86994
1353,-204,3544,14848,70,1260,392,177577,87165
1493,292,4024,14752,-337,-896,126,177621,87210
1633,2320,4004,15420,-503,-5706,858,177301,87113
1773,3024,3576,14924,276,471,1543,177667,87219
1915,1748,3616,15112,-377,823,175,178526,87460
2055,316,3648,15136,-1031,3648,747,178785,87581
2195,608,3356,14940,-1097,-201,244,178889,87651
2335,1060,3124,15140,-730,361,-145,179003,87655
2475,-164,2380,15344,-25,-85,-368,178996,87610
2617,680,3568,15076,491,62,585,179054,87654
2757,300,2792,15168,-95,-1462,-1119,179149,87706
2897,56,3144,15204,-154,-2024,-764,179263,87861
3037,1272,2880,15112,-211,-801,-299,179564,87809
3177,1920,3240,14908,-53,-386,-259,179527,87824
3319,1680,3084,14892,-90,45,-129,179622,87791
3459,1988,3272,14940,-149,-283,-75,179562,87814
3599,1868,3260,15032,-261,-85,-53,179648,87921
3739,1888,3184,14992,-121,136,-16,179733,87880
3879,1852,3248,14960,-336,290,-280,179570,87867
4021,1648,3148,15132,-148,43,-33,179589,87836
4161,1668,3220,15000,-150,135,-108,179711,87857
4301,1752,3188,15016,-96,40,-26,179729,87948
4441,1680,3360,14876,-243,-27,-143,179802,87970
4581,1564,3164,15088,-186,19,-114,179588,87877
4721,1560,3232,14924,-262,-148,-136,179609,87869
4863,1724,3084,15048,-152,-202,-98,179763,87908
5003,1800,3212,15084,-249,112,-82,179722,87957
5143,1616,3148,15040,-168,110,-144,179773,88004
5283,1648,3208,15136,-192,52,-131,179730,87970
5423,1652,3256,15036,-173,64,-86,179571,87890
5565,1796,3144,14992,-271,188,-85,179746,87952
5705,1684,3060,15132,-229,-64,-136,179740,87942
5845,1704,3112,15012,-52,117,-70,179734,88108
5985,1856,3212,15056,-133,153,-6,179935,87986
6125,1620,3312,15028,-117,170,-67,179685,87969
6267,1632,3188,15084,-246,196,-105,179800,87971
6407,1696,3176,15080,-277,-2,-27,179733,87960
6547,1744,3132,14964,-276,94,-114,179844,88104
6687,1740,3164,14984,-190,95,-101,179905,88077
6827,1704,3096,15008,-134,180,-44,179880,88072
6969,1844,3268,15076,-120,134,-45,179748,88030
7109,1704,3236,15068,-125,27,-55,179863,88021
7249,1680,3212,15024,-89,5,-85,179863,88115
7389,1864,3260,15100,-111,24,-101,179905,88157
7529,1740,3128,15032,-187,65,-97,179862,88095
7669,1764,3256,14968,-224,211,-115,179747,88019
7811,1820,3168,14988,-229,163,-152,179888,88098
7951,1632,3136,15052,-169,69,-92,179878,88105
8091,1732,3180,15048,-213,131,-124,179909,88217
8231,1708,3156,14976,-171,11,-141,179906,88079
8371,1704,3176,15080,-164,142,-123,179744,88099
8513,1780,3152,15032,-218,63,-72,179933,88085
8653,1852,3160,15036,-167,115,-40,179857,88113
8793,1760,3236,15028,-193,91,-128,179979,88228
8933,1796,3168,15004,-174,-8,-118,179902,88158
9073,1720,3212,15024,-196,114,-78,179809,88172
9215,1804,3184,14988,-155,123,-54,179844,88140
9355,1744,3216,14924,-166,68,-97,179980,88157
9495,1672,3188,15084,-166,45,-88,179864,88270
9635,1740,3188,14964,-157,25,-54,179313,88245
9775,1728,3172,15036,-120,80,-57,179239,88194
9915,1816,3176,14928,-196,57,-93,179334,88137
10057,1784,3188,14980,-189,85,-58,179478,88215
10197,1868,3152,15140,-160,-7,-91,179471,88273
10337,1888,3280,14940,-247,54,-106,179254,88261
10477,1868,3184,14956,-210,99,-66,179368,88229
10617,1788,3200,14996,-218,145,-103,179351,88266
10759,1860,3160,15024,-206,123,-79,179621,88289
10899,1908,3220,15040,-183,119,-80,179561,88247
11039,1748,3148,14968,-246,-6,-78,179381,88363
11179,1764,3200,14924,-167,77,-103,179410,88293
11319,1768,3144,15072,-149,76,-84,179462,88328
11461,1772,3180,15068,-163,100,-69,179514,88325
11601,1776,3180,15044,-203,224,-57,179624,88315
11741,1820,3204,14988,-178,132,-61,179413,88358
11881,1728,3196,14964,-178,55,-87,179461,88404
12021,1732,3240,14984,-138,74,-23,179480,88372
12161,1764,3220,15128,-156,92,-58,179587,88319
12303,1796,3188,15028,-161,-28,-75,179589,88365
12443,1696,3152,14944,-185,188,-87,179448,88322
12583,1752,3176,15016,-242,162,-91,179479,88505
12723,1780,3208,15052,-166,23,-6,179585,88393
12863,1752,3176,15020,-194,44,-101,179651,88429
13005,1680,3208,14984,-205,83,-103,179516,88323
13145,1784,3172,15028,-137,68,-78,179575,88406
13285,1748,3156,15020,-179,167,-129,179562,88478
13425,1764,3184,15104,-212,-108,-123,179651,88514
13565,1716,3216,15124,-211,0,-29,179661,88478
13705,1928,3212,15000,-185,27,-55,179487,88386
13847,1876,3220,15080,-176,92,-98,179683,88470
13987,1900,3232,14924,-114,-10,-32,179644,88460
14127,1816,3160,15032,-91,46,10,179658,88618
14267,1920,3104,15000,-142,-26,-32,179678,88538
14407,1984,3232,15012,-150,156,-47,179576,88535
14549,1992,3232,14940,-212,133,-147,179594,88501
14689,1872,3312,14980,-265,101,-171,179723,88531
14829,1840,3216,15060,-225,121,-105,179756,88582
14969,1924,3172,15008,-216,109,-88,179530,88599
15109,1828,3200,15072,-204,54,-117,179645,88530
15249,1820,3208,14884,-190,114,-105,179639,88556
15391,1792,3212,14988,-211,51,-109,179775,88555
15531,1912,3192,14924,-211,156,-124,179801,88613
15671,1852,3212,15056,-196,30,-86,179595,88636
15811,1840,3188,15020,-214,56,-126,179614,88626
15951,1796,3148,15084,-172,163,-99,179661,88611
16091,1796,3104,15040,-142,188,-82,179771,88566
16233,1516,3244,15012,-167,-175,-194,179795,88619
16373,1884,3132,14896,-208,78,410,179677,88626
16513,1912,3216,15132,-121,107,-47,179666,88726
16653,1864,3196,15012,-90,-35,-11,179807,88648
16793,1852,3204,15028,-74,-55,-41,179870,88708
16935,1984,3268,14944,-213,94,-57,179723,88573
17075,1872,3272,15032,-245,99,-72,179800,88647
17215,1848,3180,15040,-268,156,-212,179751,88752
17355,1880,3168,15088,-212,118,-110,179820,88794
17495,1852,3184,15032,-220,69,-149,179776,88730
17635,1888,3196,15080,-251,164,-84,179693,88652
17777,1908,3100,14936,-203,161,-93,179863,88728
17917,1828,3468,14988,49,190,-179,179888,88699
18057,1576,3196,15004,-420,81,-171,179942,88868
18197,1844,3236,14992,-161,-154,-3,179786,88751
18337,1744,3024,15000,-299,208,-181,179755,88768
18479,1748,3212,14984,-139,122,-41,179780,88763
18619,1744,3048,15076,-204,108,-116,179961,88773
18759,1732,3048,15068,-774,-356,-52,179901,88820
18899,1840,2796,15112,-867,-286,122,179572,88777
19039,1648,2532,14896,-596,429,53,179568,88752
19179,2048,2780,15316,-371,832,-438,179568,88725
19321,1364,2796,14932,-762,-601,501,179765,88791
19461,1580,2068,15264,-384,1052,-43,179581,88708
19601,1728,2592,15180,-321,-316,29,179482,88882
19741,1792,2348,15276,-251,-120,63,179607,88809
19881,1924,2284,15172,-124,53,45,179643,88831
20023,1712,2268,15140,-162,-26,3,179768,88768
20163,1700,2464,15200,28,63,43,179587,88827
20303,1704,2364,15152,-162,27,-62,179599,88920
20443,1812,2320,15132,-431,-125,-106,179714,88910
20583,1540,2248,15244,97,-612,-629,179777,88895
20723,1860,2572,15188,174,97,-181,179656,88880
20865,1168,2616,15096,-492,781,-82,179782,88848
21005,1516,2316,15192,57,57,-101,179725,88943
21145,1460,2536,15192,7,-444,-321,179808,88981
21285,1416,2616,15220,249,535,-273,179749,88914
21425,1504,2988,15116,-25,-2682,-368,179687,88910
21567,1780,2532,15044,-123,528,172,179886,88935
21707,1772,2972,15080,64,275,-308,179894,88879
21847,1984,2928,15072,20,329,-362,179920,89046
21987,1604,3008,15128,106,278,-279,179786,88920
22127,1568,3024,15084,84,427,-446,179895,88964
22269,1712,3164,15172,-25,-93,-322,180051,88913
22409,1488,3188,15040,19,121,-220,180210,89037
22549,1368,3124,15200,286,416,-188,180027,89052
22689,1300,3480,14920,160,479,-220,180061,89051
22829,1364,3540,14884,-186,158,-23,180136,89008
22969,1364,3488,14972,-314,122,-100,180174,89024
23111,1428,3400,15080,-13,50,-1,180179,89018
23251,1400,3728,14980,-192,198,-296,180107,89025
23391,992,3284,15108,427,262,-12,180122,89127
23531,1072,3776,14848,-103,482,-596,180350,89077
23671,1220,3768,15036,-225,44,-173,180252,89078
23813,1116,3612,14920,-367,-47,-266,180294,89042
23953,1096,3520,15244,139,220,37,180176,89065
24093,1376,3852,14856,15,364,-209,180295,89185
24233,836,3796,14992,-35,-113,-160,180411,89145
24373,1076,3828,14888,45,309,-139,180208,89124
24515,1048,3820,14908,-39,129,92,180257,89100
24655,916,3936,14732,-108,-143,-68,180419,89102
24795,1056,3940,14916,104,-227,151,180400,89190
24935,1116,4080,14840,-48,-37,-45,180300,89193
25075,1224,4096,14840,-139,95,-30,180275,89156
25215,1256,4028,14972,-175,198,-96,180289,89062
25357,1168,4088,14940,-61,184,34,180443,89135
25497,1052,3924,14816,-202,181,-136,180239,89090
25637,1300,4160,14964,-725,35,-117,180044,89176
25777,1216,3780,14948,-420,-51,-187,180092,89070
25917,968,3800,14968,-302,201,-132,180094,89118
26059,1080,3776,14936,-155,186,-157,180080,89054
26199,868,3712,14928,-203,319,-154,180010,89103
26339,960,3800,14988,-184,163,-121,180097,89180
26479,988,3816,15008,-131,77,-94,180195,89164
26619,720,3768,14988,-153,141,-103,180100,89162
26761,940,3744,14804,-192,181,-100,180036,89126
26901,1032,3768,14904,-141,165,-36,180242,89122
27041,896,3836,14940,-175,66,-70,180221,89265
27181,840,3728,15044,-237,160,-125,180237,89251
27321,912,3772,14860,-211,-31,-129,180148,89196
27461,880,3808,14912,-210,70,-117,180209,89157
27603,904,3704,14928,-183,146,-69,180404,89229
27743,840,3760,14984,-188,119,-71,180299,89265
27883,892,3752,14992,-223,107,-121,180208,89305
28023,860,3768,14888,-197,62,-98,180317,89270
28163,920,3780,14988,-174,118,-42,180328,89279
28305,884,3808,14888,-192,93,-81,180437,89285
28445,928,3768,15004,-135,107,-90,180359,89186
28585,924,3744,15060,-188,119,-91,180377,89421
28725,900,3708,15040,-184,118,-68,180530,89355
28865,784,3764,14912,-188,58,-115,180400,89323
29007,888,3672,15008,-158,182,-88,180448,89232
29147,924,3724,15072,-214,73,-108,180560,89302
29287,920,3752,15028,-178,39,-114,180545,89428
29427,828,3784,14856,-225,34,-109,180545,89394
29567,884,3760,14980,-151,29,-103,180498,89328
29707,948,3744,14960,-150,98,-9,180560,89314
29849,924,3780,14972,-75,-33,-47,180729,89377
29989,856,3776,14896,-230,23,-184,180604,89369
30129,948,3748,14860,-263,174,-155,180468,89437
30269,892,3736,14976,-235,129,-156,180597,89355
30409,848,3712,14856,-181,104,-68,180603,89404
30551,808,3688,15012,-179,115,-102,180724,89402
30691,812,3708,14928,-229,125,-113,180576,89327
30831,916,3692,14992,-206,71,-111,180623,89496
30971,928,3684,15036,-184,16,-75,180685,89436
31111,888,3820,15000,-223,171,-101,180688,89458
31253,964,3792,14916,-207,92,-103,180577,89338
31393,864,3712,14944,-179,47,-118,180696,89386
31533,944,3796,15000,-163,87,-68,180651,89511
31673,860,3756,15092,-207,23,-88,180748,89508
31813,948,3684,14900,-199,128,-36,180577,89423
31953,928,3736,15040,-168,-72,-92,180559,89428
32095,836,3708,14908,-186,67,-94,180734,89453
32235,948,3748,14928,-185,85,-88,180694,89500
32375,768,3616,14952,-158,66,-110,180610,89531
32515,812,3712,14960,-233,130,-106,180542,89482
32655,936,3704,14936,-236,81,-100,180554,89472
32797,872,3752,14988,-181,41,-82,180737,89517
32937,796,3788,14872,-229,86,-94,180749,89412
33077,880,3688,14960,-221,20,-63,180573,89605
33217,848,3664,14840,-221,52,-93,180607,89520
33357,888,3544,14948,-173,44,-8,180574,89515
33499,756,3756,15024,121,125,-113,180747,89447
33639,756,3548,14904,-256,160,-209,180873,89547
33779,648,3792,14900,-121,-120,105,180615,89602
33919,948,3784,14952,-334,124,-124,180572,89559
34059,892,3660,15044,-287,180,-117,180610,89530
34199,824,3652,15092,-193,65,-7,180651,89531
34341,832,3704,15044,-190,209,-117,180872,89570
34481,740,3512,15020,-142,98,-110,180704,89577
34621,816,3676,14904,-120,61,2,180614,89620
34761,860,3604,14980,-266,116,-71,180731,89543
34901,788,3660,15012,-135,-35,-46,180735,89603
35043,924,3656,15048,-96,-85,-76,180878,89535
35183,896,3636,15016,-286,106,-24,180878,89552
35323,808,3660,14948,-321,142,-134,180698,89631
35463,944,3492,15080,-282,118,-119,180776,89681
35603,824,3528,15060,-220,76,-70,180828,89655
35743,840,3592,14968,-172,108,-69,180875,89634
35885,856,3608,14924,-274,102,-90,180899,89627
36025,832,3532,15080,-198,10,-89,180755,89564
36165,864,3548,15052,-178,56,-104,180811,89719
36305,840,3588,14972,-127,-45,-83,180928,89705
36445,920,3592,14964,-167,83,-94,180943,89688
36585,944,3596,14980,-190,149,-42,180779,89657
36727,816,3552,15016,-199,93,-95,180934,89638
36867,916,3544,14972,-142,73,-96,180879,89700
37007,912,3532,15012,-214,93,-100,180917,89752
37147,824,3484,15116,-154,68,-107,180911,89701
37287,744,3452,14972,-167,24,-119,180825,89683
37429,1028,3544,15060,-137,-44,-31,181016,89717
37569,864,3544,15044,-70,22,31,180996,89662
37709,1000,3552,14956,-96,99,-58,181034,89862
37849,908,3644,15060,-122,122,-48,180863,89721
37989,956,3684,14860,-285,210,-86,180873,89750
38131,928,3476,14956,-183,316,-138,180942,89655
38271,872,3556,15072,-140,223,-137,181094,89729
38411,820,3628,14920,-112,60,-92,180916,89791
38551,788,3572,14988,-216,124,-137,180879,89816
38691,820,3604,14928,-205,91,-93,180908,89777
38831,708,3612,14940,-211,18,-132,180977,89727
38973,884,3572,15000,-203,143,-73,181102,89808
39113,860,3620,15032,-229,86,-117,180881,89715
39253,884,3468,14976,-221,48,-118,180874,89917
39393,876,3564,15136,-136,31,-101,180981,89835
39533,784,3524,14912,-224,67,-118,181031,89864
39675,900,3608,15000,-170,67,-51,180907,89786
39815,740,3540,15088,-149,75,-48,180991,89812
39955,760,3532,14968,-98,32,-4,180963,89879
40095,936,3532,15004,-115,-26,-57,180986,89915
40235,872,3628,14968,-114,83,5,181064,89851
40375,908,3636,14984,-195,112,-86,180844,89832
40517,940,3596,15108,-261,147,-165,181037,89844
40657,924,3532,15000,-186,144,-88,180987,89864
40797,756,3560,15092,-238,158,-95,181056,89986
40937,876,3620,14992,-227,-8,-64,180960,89944
41077,732,3528,14936,-215,66,-101,180923,89894
41217,956,3556,15036,-200,136,-90,180968,89849
41359,888,3500,14960,-140,123,-66,181181,89940
41499,832,3508,14964,-186,108,-99,181198,89879
41639,860,3568,15016,-143,-1,-59,181062,89985
41779,820,3504,14988,-192,35,-115,181041,89929
41919,872,3532,14900,-225,121,-105,181054,89940
42059,808,3480,15108,-162,127,-75,181110,89961
42201,924,3468,15056,-146,41,-83,181358,89961
42341,884,3536,15004,-197,-27,-141,181168,89966
42481,768,3524,15112,-256,-116,-21,181043,89988
42621,1072,3492,15028,-156,117,-93,181145,89988
42761,932,3476,15076,-123,95,-99,181157,89949
42903,920,3556,15112,-203,18,-71,181380,90004
43043,940,3524,15080,-408,55,-217,181307,89898
43183,1016,3256,14976,-161,-62,-130,181131,90082
43323,1156,3404,15064,-298,46,-138,181179,89988
43463,1092,3512,15056,-16,59,46,181230,89999
43605,1132,3452,15020,-92,166,-38,181379,90002
43745,1136,3488,14928,-220,98,-120,181507,89982
43885,1108,3612,15064,-217,62,-31,181232,90036
44025,1004,3352,15132,-292,22,-217,181270,90063
44165,1068,3476,15104,-187,119,-25,181304,90016
44305,1060,3408,14996,-239,130,-146,181366,89959
44447,976,3364,15068,-170,103,-75,181571,90062
44587,996,3464,15104,-258,-27,-175,181447,90023
44727,1024,3276,15236,162,416,138,181263,90093
44867,804,3488,14924,-458,460,-596,181441,90023
45007,752,3460,15024,-134,36,39,181400,90038
45149,1004,3504,15004,-404,-130,-113,181636,90067
45289,1020,3340,15060,-190,279,-23,181602,89967
45429,988,3360,15052,-205,12,-44,181406,90136
45569,964,3356,15060,-69,-112,30,181445,90055
45709,1000,3364,15048,-85,177,-13,181454,90066
45851,1068,3316,15076,27,323,-18,181621,90024
45991,856,3448,15012,156,366,-73,181684,90108
46131,932,3764,15096,-212,527,-397,181420,90133
46271,600,3492,14972,3,-110,197,181498,90101
46411,916,3672,14924,-241,341,-246,181502,90096
46551,768,3456,14968,-175,84,-185,181595,90101
46693,640,3524,15040,-70,176,26,181741,90082
46833,844,3664,14984,-280,204,-156,181519,90114
46973,644,3524,15080,-235,154,-76,181548,90161
47113,696,3540,15056,-238,130,-136,181545,90125
47253,608,3492,15048,-242,62,-124,181662,90072
47395,800,3496,15032,-201,90,4,181615,90109
47535,736,3468,15024,-159,110,-85,181513,90008
47675,728,3440,15020,-202,167,-57,181490,90213
47815,692,3552,15028,-170,16,-98,181599,90115
47955,720,3428,15032,-131,191,-90,181550,90111
48097,644,3436,15064,-247,232,-115,181605,90115
48237,720,3564,14968,1,-41,80,181504,90043
48377,708,3552,15108,-18,315,-171,181605,90233
48517,708,3484,14852,-258,164,-163,181696,90195
48657,972,3988,14884,41,-151,180,181443,90131
48799,800,3760,14920,-268,231,-80,181496,90061
48939,868,3548,15064,-209,118,-166,181576,90139
49079,812,3612,15012,-249,-107,-18,181568,90221
49219,876,3636,14984,-192,16,-57,181461,90171
49359,824,3480,15024,-179,174,50,181468,90152
49499,844,3588,15160,-221,134,-45,181509,90131
49641,808,3444,14872,-178,113,-130,181716,90168
49781,772,3508,15068,-265,226,-36,181574,90198
49921,508,3612,15020,-150,890,-270,181423,90246
50061,536,3428,15044,-449,290,-331,181449,90191
50201,392,3256,15068,-436,-704,205,181497,90097
50343,764,3500,14956,-21,-487,324,181649,90166
50483,1104,3520,15040,-254,374,-331,181410,90165
50623,716,3228,15056,-130,293,-269,181448,90273
50763,440,3488,15076,29,179,-97,181582,90165
50903,788,3528,15028,-148,-135,-111,181588,90221
51045,664,3580,15076,-86,-10,7,181643,90183
51185,704,3604,14944,-96,55,-56,181463,90184
51325,832,3572,15036,-123,41,-81,181583,90281
51465,772,3584,14920,-106,-53,26,181632,90235
51605,804,3652,15044,-240,40,-98,181684,90275
51747,932,3624,15044,-337,78,-137,181511,90148
51887,844,3468,14924,-270,86,-163,181607,90221
52027,836,3548,14952,-215,134,-136,181600,90337
52167,812,3496,15048,-227,65,-104,181715,90321
52307,788,3536,15020,-188,55,-56,181574,90267
52449,764,3392,15112,-191,133,-114,181566,90257
52589,788,3476,15048,-190,85,-70,181724,90255
52729,712,3492,15028,-167,88,-75,181746,90365
52869,784,3344,15108,-235,231,-52,181773,90366
53009,776,3492,15064,-211,105,-99,181608,90306
53149,784,3468,14960,-215,41,-124,181672,90266
53291,888,3540,15028,-153,5,-74,181861,90336
53431,740,3528,15024,-216,70,-161,181895,90393
53571,892,3512,15160,-181,139,-9,181688,90385
53711,828,3496,15008,-186,28,-103,181718,90350
53851,744,3504,15024,-171,119,-80,181739,90343
53993,708,3488,15016,-186,45,-68,181959,90373
54133,712,3412,15032,-167,153,-45,181862,90313
54273,948,3404,15016,-121,122,-36,181698,90475
54413,856,3452,15080,-167,85,-98,181804,90370
54553,820,3488,15184,-100,123,-36,181811,90392
54695,780,3528,15060,-177,164,-139,181956,90341
54835,812,3524,14916,-235,229,-75,181803,90396
54975,748,3468,14968,-199,98,-85,181806,90460
55115,740,3460,15068,-186,58,-78,181869,90451
55255,780,3456,15116,-197,41,-88,181943,90448
55395,664,3492,14980,-165,8,-178,181852,90398
55537,656,3456,15004,-202,99,-123,181889,90372
55677,840,3440,15012,-223,136,-81,181814,90463
55817,748,3472,15084,-182,134,-81,181862,90520
55957,740,3480,14980,-185,-53,-112,181936,90482
56097,720,3412,15008,-183,-5,-125,181773,90351
56239,748,3460,15008,-135,8,-102,181875,90440
56379,648,3408,15028,-189,91,-80,181837,90447
56519,696,3460,15060,-173,75,-72,181877,90584
56659,748,3392,14996,-136,198,-52,181932,90445
56799,756,3428,15176,-207,119,-82,181705,90436
56941,736,3432,15100,-168,28,-68,181878,90438
57081,804,3504,15064,-150,35,-4,181855,90484
57221,796,3500,15128,-99,220,58,181981,90571
57361,812,3552,15096,-134,16,32,181849,90492
57501,792,3540,14908,-183,194,-33,181826,90500
57641,644,3524,15032,-243,136,-139,181865,90503
57783,644,3512,15024,-205,39,-143,182105,90538
57923,752,3456,15028,-212,184,-104,182030,90564
58063,668,3504,15028,-167,37,-54,181798,90598
58203,780,3488,15020,-214,-139,-181,181932,90520
58343,796,3492,14968,-144,115,-66,181930,90577
58485,692,3384,14932,-204,74,-94,182124,90508
58625,856,3556,14976,-166,8,-117,181971,90558
58765,708,3356,15132,-173,53,-76,181874,90625
58905,816,3424,14984,-196,58,-117,181952,90641
59045,824,3456,15080,-219,65,-68,182038,90621
59185,864,3416,15048,-146,160,-76,182081,90577
59327,836,3448,15052,-198,69,-91,182004,90586
59467,748,3344,14968,-153,114,-79,181945,90539
59607,820,3504,14960,-197,54,-84,182009,90697
59747,620,3408,15076,-140,32,-13,182086,90658
59887,676,3316,15092,-145,7,-56,182048,90644
60027,756,3400,14996,-121,196,-22,181871,90613
60169,780,3452,15048,-122,89,-42,182075,90614
60309,828,3464,15040,-124,34,-50,182031,90680
60449,816,3488,15076,-161,13,-74,182107,90730
60589,932,3540,14992,-244,136,-109,181957,90631
60729,816,3504,15024,-184,72,-115,181933,90648
60871,660,3436,15056,-187,172,-103,182122,90639
61011,840,3528,15052,-194,61,-104,182126,90689
61151,780,3500,15184,-178,161,-61,182155,90762
61291,800,3460,14992,-173,58,-93,181996,90717
61431,792,3380,15100,-238,21,-125,182010,90706
61571,880,3464,15016,-148,27,-95,182078,90675
61713,856,3368,15140,-208,134,-59,182247,90732
61853,808,3448,15008,-166,54,-81,182109,90714
61993,628,3432,15144,-188,136,-85,181957,90819
62133,796,3444,14984,-202,0,-107,182079,90724
62273,796,3480,14996,-193,72,-78,182147,90754
62415,784,3392,15024,-177,118,-84,182252,90738
62555,828,3416,15112,-170,118,-40,182161,90706
62695,748,3400,15028,-120,58,-2,182087,90782
62835,876,3476,15152,-165,29,-73,182110,90833
62975,800,3468,14892,-149,62,-40,182243,90773
63115,792,3472,15096,-119,-3,-9,182253,90783
63257,824,3504,14984,-165,68,-70,182193,90706
63397,864,3612,15036,-126,25,-50,182171,90783
63537,888,3508,15024,-297,65,-158,182179,90852
63677,836,3484,14948,-231,106,-152,182276,90864
63817,808,3404,15144,-193,236,-100,182248,90817
63957,868,3444,15080,-204,150,-90,182132,90731
64099,820,3504,15028,-234,111,-96,182305,90805
64239,780,3504,14980,-162,55,-57,182278,90755
64379,876,3464,15116,-194,83,-86,182341,90981
64519,784,3404,14984,-193,6,-134,182312,90849
64659,812,3400,15048,-195,191,-62,182217,90845
64801,836,3392,15104,-199,103,-103,182259,90822
64941,800,3448,15008,-219,82,-93,182416,90823
65081,760,3488,15040,-181,93,-76,182426,90900
65221,840,3452,15072,-184,64,-65,182312,90907
65361,628,3432,15028,-170,57,-94,182274,90874
65501,848,3456,15044,-148,100,-19,182306,90863
65643,768,3428,15056,-123,39,-20,182548,90884
65783,836,3436,14944,-144,19,-40,182479,90867
65923,932,3548,15012,-108,66,-16,182319,90923
66063,808,3496,15016,-99,40,-3,182331,90921
66203,800,3568,14940,-204,73,-144,182367,90880
66343,864,3568,15032,-288,38,-177,182433,90871
66485,820,3500,15056,-248,171,-162,182563,90907
66625,800,3452,15044,-232,118,-141,182330,90910
66765,736,3452,15112,-214,68,-108,182353,90959
66905,732,3440,14972,-199,134,-118,182490,90890
67045,808,3384,14984,-150,162,-107,182498,90930
67187,840,3472,15096,-187,32,-122,182499,90860
67327,740,3448,14916,-178,95,-92,182391,90911
67467,912,3500,15076,-200,138,-57,182416,91024
67607,808,3492,14980,-199,71,-82,182504,91016
67747,876,3400,14960,-114,76,-68,182579,90959
67887,792,3460,15020,-238,61,-129,182389,90858
68029,836,3396,15012,-186,101,-70,182533,90940
68169,820,3520,14984,-155,60,-84,182492,90926
68309,776,3404,15080,-152,173,-97,182519,91082
68449,704,3360,15132,-197,22,-114,182481,90973
68589,748,3452,15004,-135,126,-56,182396,90969
68731,868,3436,15096,-135,18,-44,182397,90923
68871,784,3432,15016,-149,29,-38,182574,90951
69011,948,3448,15076,-144,-20,18,182601,91016
69151,876,3524,15060,-179,36,-86,182374,91027
69291,808,3520,14892,-224,53,-101,182434,90999
69431,916,3476,14956,-248,118,-94,182441,90981
69573,780,3448,15060,-220,172,-131,182664,90988
69713,792,3476,14936,-183,-32,-120,182447,90941
69853,724,3404,15016,-182,53,-100,182411,91054
69993,748,3356,15128,-208,107,-112,182505,91043
70133,844,3444,15116,-166,50,-95,182551,91040
70273,988,3456,15036,-171,43,-86,182613,90996
70415,832,3488,15032,-175,100,-97,182525,90998
70555,828,3408,14996,-175,113,-82,182499,90994
70695,800,3436,15040,-209,64,-82,182446,91125
70835,872,3428,15028,-157,118,-75,182632,91059
70975,800,3432,15028,-165,5,-120,182500,91032
71117,756,3384,15028,-174,134,-56,182481,90948
71257,832,3356,15016,-161,70,-132,182609,91002
71397,844,3444,15088,-179,129,-72,182595,91118
71537,900,3452,15128,-175,71,-88,182691,91149
71677,696,3432,14992,-194,81,-47,182483,91057
71817,792,3348,15000,-184,48,-35,182524,91009
71959,764,3416,15176,-135,-26,-40,182675,91089
72099,896,3336,15048,-142,58,-24,182728,91095
72239,696,3408,15096,-133,128,-41,182676,91192
72379,880,3364,14992,-120,-19,-80,182561,91060
72519,968,3500,15016,-207,52,-130,182556,91091
72661,808,3512,15000,-207,103,-126,182713,91069
72801,872,3424,14952,-236,162,-109,182737,91102
72941,860,3392,15096,-238,-9,-92,182606,91158
73081,808,3400,15036,-203,130,-71,182622,91161
73221,896,3420,15052,-200,97,-82,182639,91115
73361,836,3376,15048,-178,22,-99,182752,91102
73503,936,3400,15164,-167,66,-71,182943,91158
73643,836,3448,14988,-183,119,-56,182654,91127
73783,860,3388,14956,-181,84,-46,182642,91219
73923,836,3396,15060,-218,141,-79,182778,91126
74063,864,3420,15000,-182,71,-106,182801,91179
74205,820,3324,14944,-165,189,-107,182928,91124
74345,756,3388,15060,-204,54,-84,182713,91160
74485,744,3352,15012,-181,65,-109,182705,91260
74625,848,3312,14960,-191,104,-69,182822,91241
74765,860,3384,15116,-195,145,-42,182891,91216
74905,868,3356,15040,-183,10,-123,182807,91123
75047,800,3300,15088,-172,111,-53,182847,91177
75187,776,3268,15132,-176,18,-68,182815,91227
75327,744,3476,15036,-111,83,-11,182799,91288
75467,928,3384,15020,-140,24,9,182950,91212
75607,880,3436,15012,-142,-12,-45,182741,91195
75749,880,3484,14992,-71,5,-45,182842,91181
75889,532,3652,14936,190,373,-55,182893,91250
76029,12,3032,15208,-603,359,-409,183018,91347
76169,588,3352,15128,-398,-433,65,182935,91280
76309,936,3236,15172,-534,-396,139,182687,91209
76449,996,3320,15068,-186,315,-13,182712,91139
76591,840,3300,15044,-165,626,-49,182888,91219
76731,504,3260,14928,-146,301,3,182945,91279
76871,720,3376,15116,-68,271,13,182762,91288
77011,1168,3848,15692,-1930,3792,532,182733,91244
77151,-2316,2812,16936,-6981,-967,1604,183248,91400
77293,-560,292,14492,-8168,-1088,1929,183632,91427
77433,-2388,-1072,12732,-1294,161,2374,183577,91445
77573,-2128,-2952,13116,4419,-820,-1615,183584,91577
77713,-1364,-936,16128,5307,2426,-3932,183869,91669
77853,-704,1952,16784,2390,-3064,-2475,183896,91627
77993,-1880,1712,15492,704,-1146,56,183990,91622
78135,-2128,1848,15432,-152,-842,-585,183680,91490
78275,-1004,2928,15400,455,-355,-2196,183025,91308
78415,28,1820,15560,-145,-902,-729,182576,91254
78555,-504,1864,15580,219,-1615,686,182622,91132
78695,-536,3216,14916,-709,-2,-237,182410,91106
78837,-316,1744,15364,-1135,703,-1407,182410,91055
78977,-148,1328,15396,-392,-807,-49,182406,91071
79117,-244,2056,15136,-240,-635,260,182503,91190
79257,108,1908,15368,-350,135,-362,182463,91127
79397,-60,1576,15336,-249,353,-365,182354,91106
79539,28,1672,15340,-134,-180,44,182414,91102
79679,-44,1748,15304,-314,59,-370,182606,91123
79819,104,1696,15308,-35,14,-78,182537,91165
79959,184,1888,15324,-257,284,-130,182382,91172
80099,-112,1612,15252,-145,68,-161,182412,91129
80239,164,1688,15224,-58,20,-102,182461,91072
80381,204,1832,15268,-155,-207,-158,182633,91127
80521,132,1840,15408,-175,-186,-219,182332,91090
80661,184,1712,15368,-249,3,-75,182273,91185
80801,256,1820,15380,-272,29,-161,182403,91064
80941,224,1692,15388,-97,258,-102,182417,91103
81083,260,1624,15260,-211,-12,-158,182351,91036
81223,240,1824,15248,-263,-63,-109,182353,91049
81363,260,1636,15404,-319,-53,-223,182382,91158
81503,324,1684,15456,-298,-1,-127,182537,91169
81643,276,1696,15312,-207,-40,-86,182348,91101
81783,288,1652,15368,-160,-8,-112,182375,91116
81925,340,1704,15244,-189,31,-148,182588,91106
82065,360,1644,15348,-152,149,-55,182562,91180
82205,348,1644,15248,-190,113,-61,182444,91192
82345,264,1620,15296,-164,161,-131,182383,91154
82485,368,1668,15288,-187,70,-26,182489,91095
82627,220,1696,15372,-207,56,-93,182662,91160
82767,224,1608,15324,-239,179,-78,182567,91167
82907,324,1628,15248,-175,188,-42,182396,91228
83047,284,1620,15204,-161,57,-72,182541,91150
83187,316,1684,15428,-65,137,-106,182518,91162
83329,160,1680,15256,-119,123,-5,182755,91182
83469,428,1900,15460,511,-264,485,182506,91103
83609,-1164,1532,15756,-82,3846,1700,182116,91124
83749,-976,1288,18404,-4454,887,947,182534,91196
83889,-2044,-1972,16752,-9404,-3722,1858,182127,91096
84031,-1600,-4076,15096,-3900,5806,3076,182204,91046
84171,-604,-3196,12548,-2654,1100,300,182513,91260
84311,-1196,-3228,12472,-1227,-2689,-316,182921,91468
84451,-2672,-2368,14936,-242,-2303,-1426,183321,91505
84591,204,-4152,16012,911,-7566,-1934,183352,91422
84731,2204,-4044,14388,1623,-1012,401,183392,91450
84873,2484,-3028,14220,1999,-1089,45,183874,91564
85013,1736,-2004,15736,1577,-749,70,184078,91609
85153,2300,-1304,15560,536,-693,465,184296,91727
85293,2820,-904,15140,813,-1997,825,184436,91706
85433,3056,-1632,16220,-765,-551,-224,184479,91612
85575,2484,-1956,15000,-1060,1480,91,184617,91705
85715,3236,-1680,14992,1688,-1791,-990,184617,91694
85855,3848,-1236,15048,271,-297,-305,184573,91802
85995,4192,-1096,15192,422,432,124,184424,91710
86135,3572,-1088,15072,-92,146,-6,184315,91720
86277,3448,-1088,15184,-299,443,60,184462,91686
86417,3440,-1012,15132,-139,-76,-121,184406,91661
86557,3200,-1204,14984,-47,-235,-186,184302,91709
86697,3292,-1320,15108,-191,194,-86,184243,91671
86837,3236,-1212,15188,-239,97,-23,184256,91684
86979,3184,-1080,15164,-246,-47,-131,184376,91680
87119,3260,-1096,15120,-201,87,-110,184547,91673
87259,3308,-1228,15180,-131,95,-138,184357,91730
87399,3368,-1204,15072,-174,166,-83,184304,91730
87539,3268,-1152,14984,-132,78,-65,184337,91700
87679,3244,-1220,15028,-180,70,1,184442,91623
87821,3192,-1172,15060,-235,208,-52,184654,91691
87961,3212,-1088,15052,-136,36,-89,184531,91675
88101,3192,-1076,15056,-241,73,-74,184325,91722
88241,3172,-1156,15088,-195,218,-116,184440,91671
88381,3292,-1120,15088,-138,84,-11,184472,91683
88523,3260,-1144,15136,-125,98,-49,184712,91682
88663,3292,-1068,15160,-226,96,-92,184594,91591
88803,3288,-1084,15064,-160,91,-98,184416,91794
88943,3124,-1088,15136,-191,202,-87,184516,91693
89083,3288,-1048,15096,-145,153,-106,184513,91685
89225,3248,-1084,15232,-173,285,-66,184681,91653
89365,3156,-1116,15088,-143,350,-26,184714,91690
89505,3100,-1148,15188,-114,190,-82,184515,91748
89645,2984,-1036,15252,-183,274,-60,184564,91728
89785,2948,-1044,15148,-114,257,-9,184618,91696
89925,3064,-952,15136,-115,587,79,184704,91633
90067,2884,-944,15184,-185,355,49,184790,91693
90207,2932,-1048,15196,-95,6,-23,184546,91662
90347,2880,-992,15140,-210,104,-48,184538,91710
90487,2856,-916,15140,-119,115,-135,184600,91647
90627,2916,-952,15204,-214,195,-66,184641,91669
90769,2816,-1052,15208,-13,58,-78,184729,91662
90909,2748,-1056,15276,-110,213,-113,184502,91571
91049,2884,-936,15248,-172,98,-43,184449,91736
91189,2768,-956,15080,-141,74,-42,184547,91608
91329,2940,-860,15244,-146,21,-144,184561,91644
91471,2904,-888,15168,-219,178,-231,184474,91581
91611,2900,-964,15140,-298,175,-108,184467,91578
91751,2840,-980,15132,-145,203,-106,184484,91710
91891,2760,-972,15128,-202,130,32,184620,91661
92031,2956,-916,15180,-83,-50,-84,184423,91633
92173,2776,-940,15324,-149,239,-71,184340,91599
92313,2684,-876,15216,-167,251,-21,184520,91595
92453,2824,-808,15276,-58,235,-160,184546,91733
92593,2708,-824,15232,-237,140,-176,184582,91725
92733,2800,-972,15144,-18,195,-61,184441,91664
92873,2684,-952,15180,-287,195,-127,184494,91656
93015,2700,-888,15448,-127,211,-66,184688,91698
93155,2680,-996,15148,-200,17,-84,184671,91731
93295,2708,-820,15148,-107,78,-51,184466,91749
93435,2820,-776,15328,-237,124,-72,184536,91728
93575,2720,-820,15284,-163,101,-53,184547,91711
93717,2676,-688,15312,-191,345,-62,184799,91748
93857,2516,-888,15292,-184,17,-39,184578,91637
93997,2648,-836,15284,-171,60,-105,184508,91829
94137,2564,-920,15368,-177,46,-127,184622,91733
94277,2832,-872,15160,-147,76,-67,184674,91749
94419,2620,-808,15112,-51,81,18,184687,91635
94559,2556,-756,15236,-154,175,-56,184606,91713
94699,2700,-832,15220,-224,61,-47,184538,91785
94839,2620,-740,15252,-184,-10,-163,184597,91779
94979,2572,-828,15296,-219,122,-85,184597,91727
95119,2672,-796,15140,-180,65,-98,184431,91686
95261,2584,-840,15316,-184,59,-85,184629,91703
95401,2644,-880,15272,-181,70,-95,184559,91752
95541,2588,-852,15304,-192,67,-64,184587,91790
95681,2668,-824,15308,-224,54,-53,184454,91723
95821,2792,-780,15208,-185,143,-48,184453,91727
95963,2744,-840,15172,-163,-35,-141,184693,91747
96103,2628,-792,15224,-163,80,-101,184670,91690
96243,2708,-812,15224,-203,-13,-84,184506,91813
96383,2732,-752,15276,-206,75,-73,184486,91732
96523,2604,-796,15192,-184,117,-96,184539,91772
96665,2712,-740,15160,-164,105,-21,184626,91722
96805,2672,-836,15240,-156,92,-87,184716,91704
96945,2744,-768,15292,-172,30,-80,184484,91781
97085,2732,-852,15108,-156,84,-65,184529,91804
97225,2664,-816,15168,-175,70,-84,184615,91779
97365,2824,-720,15220,-131,-56,-50,184662,91754
97507,2636,-892,15256,-169,84,-64,184757,91719
97647,2920,-732,15172,-164,97,-28,184407,91630
97787,2748,-784,15240,-161,34,-73,184473,91768
97927,2780,-776,15284,-154,23,-95,184588,91739
98067,2720,-784,15228,-148,66,-86,184647,91749
98207,2700,-844,15260,-128,63,-80,184581,91750
98349,2804,-792,15244,-177,88,-81,184622,91715
98489,2796,-764,15216,-157,86,-78,184587,91765
98629,2704,-816,15188,-136,31,-108,184621,91832
98769,2732,-716,15128,-143,177,-57,184820,91767
98909,2768,-776,15188,-162,46,-77,184765,91783
99051,2804,-732,15160,-182,91,-18,184702,91707
99191,2768,-688,15392,-107,18,-39,184662,91760
99331,2712,-812,15208,-144,45,-26,184638,91827
99471,2860,-828,15148,-108,-63,-80,184711,91829
99611,2812,-532,15136,-177,95,-174,184739,91768
99751,2716,-696,15196,-175,79,-92,184551,91682
99893,2800,-704,15216,-139,77,-53,184675,91747
100033,2628,-644,15400,-187,245,-179,184671,91774
100173,2724,-644,15192,-179,87,-49,184690,91889
100313,2736,-628,15288,-201,70,-104,184885,91788
100453,2764,-720,15184,-232,184,-78,184663,91787
100595,2616,-680,15204,-152,138,-37,184692,91724
100735,2684,-724,15092,-165,43,-33,184713,91781
100875,2660,-768,15212,-195,55,-96,184755,91895
101015,2584,-864,15156,-147,42,-110,184877,91892
101155,2644,-692,15176,-127,52,-129,184883,91842
101295,2612,-792,15240,-182,73,-100,184721,91738
101437,2548,-736,15304,-164,125,-14,184857,91850
101577,2608,-704,15300,-207,65,-79,184835,91824
101717,2588,-676,15240,-224,90,-77,184863,91966
101857,2468,-740,15204,-164,94,-47,185025,91897
101997,2572,-676,15232,-217,186,-40,184826,91880
102139,2512,-704,15356,-164,10,-87,184885,91792
102279,2720,-664,15212,-194,288,32,184937,91862
102419,2488,-688,15312,-78,293,-30,184960,91981
102559,2444,-640,15340,-136,163,-87,185065,91980
102699,2484,-708,15260,-203,143,-44,184934,91895
102839,2516,-740,15228,-178,68,-31,184898,91818
102981,2532,-700,15252,-181,160,-93,185014,91893
103121,2552,-664,15320,-206,109,-66,185051,91908
103261,2396,-836,15188,-227,-7,-59,185054,92031
103401,2420,-780,15328,-181,77,-45,184930,91857
103541,2492,-768,15292,-141,-19,-19,184806,91876
103683,2468,-692,15216,-206,176,-57,184871,91771
103823,2504,-756,15344,-138,23,-125,184959,91863
103963,2440,-776,15380,-217,117,-114,184940,91919
104103,2408,-672,15324,-185,104,-86,184785,91897
104243,2456,-760,15296,-210,85,-65,184801,91870
104383,2412,-732,15272,-166,65,-65,184872,91818
104525,2412,-800,15244,-190,56,-68,185059,91908
104665,2416,-724,15288,-180,119,-123,184923,91921
104805,2332,-764,15256,-150,6,-118,184754,91930
104945,2388,-772,15232,-199,89,-96,184857,91918
105085,2420,-764,15236,-204,110,-44,184861,91911
105227,2516,-684,15388,-184,5,-39,185113,91968
105367,2352,-880,15144,-200,167,-1,184869,91851
105507,2356,-724,15276,-63,-32,-319,184752,92019
105647,2412,-624,15376,-246,294,-5,184853,91918
105787,2284,-808,15308,152,-115,-169,184917,91967
105929,2304,-552,15276,-321,187,-122,185034,91905
106069,2232,-776,15264,-276,-52,-78,184771,91889
106209,2376,-576,15276,-163,137,-72,184763,91971
106349,2496,-684,15208,-90,-76,-136,184866,91962
106489,2576,-724,15208,-177,5,-66,184904,91984
106631,2580,-644,15164,-258,230,-207,184814,91940
106771,2536,-860,15312,-227,366,-221,184809,91914
106911,2472,-316,15344,-37,164,-159,184759,91974
107051,2608,-868,15208,-385,160,261,184865,92035
107191,2520,-656,15284,-177,73,-303,184992,92060
107331,2396,-800,15336,-294,368,-145,184856,92004
107473,2376,-680,15376,-166,-165,110,184951,91992
107613,2588,-660,15288,-178,127,-163,184900,91931
107753,2328,-768,15296,-154,94,-81,184993,92115
107893,2568,-672,15432,-185,78,45,185098,92061
108033,2320,-836,15232,-243,133,-170,184921,92056
108175,2476,-748,15248,-54,-24,-83,184904,92000
108315,2484,-816,15288,-238,243,-145,185069,92009
108455,2420,-812,15356,-151,-23,-118,185103,92107
108595,2432,-736,15220,-209,89,-49,185091,92140
108735,2468,-788,15204,-143,59,-81,184965,92057
108875,2520,-760,15208,-221,81,-93,184980,92058
109017,2464,-792,15216,-140,55,-93,185261,92113
109157,2408,-664,15392,-158,79,-38,185254,92032
109297,2440,-700,15280,-159,113,-19,185122,92179
109437,2428,-756,15232,-251,36,-108,185065,92078
109577,2400,-816,15268,-174,84,-44,185084,92105
109719,2368,-756,15316,-92,26,-33,185120,92071
109859,2336,-752,15244,-95,-46,-110,185239,92071
109999,2536,-620,15340,5,-5,-57,184982,92027
110139,2456,-764,15320,-159,90,-18,184930,92107
110279,2560,-640,15276,-185,33,-14,185045,92028
110419,2412,-608,15212,-194,122,-63,185037,92062
110561,2504,-608,15332,-208,170,-17,184979,91992
110701,2540,-660,15224,-211,57,-128,184879,92007
110841,2488,-656,15148,-170,46,-79,184906,92103
110981,2472,-704,15276,-187,128,-48,185020,92088
111121,2616,-688,15212,-179,-69,-138,184931,92041
111261,2500,-720,15284,-141,131,-174,184796,92005
111403,2540,-744,15300,-165,40,-117,184996,92036
111543,2400,-692,15216,-191,292,-48,184958,92087
111683,2376,-840,15116,-286,179,-8,185026,92161
111823,2568,-720,15208,-147,95,-52,184828,92052
111963,2396,-828,15116,-114,109,-106,184814,92008
112105,2368,-1148,15200,-133,-73,316,185011,92072
112245,2576,-736,15236,-36,-47,-337,185046,92077
112385,2376,-832,15384,-139,-53,18,184890,92205
112525,2476,-804,15336,-208,11,1,184869,92033
112665,2512,-728,15236,-212,92,-124,184854,92078
112807,2444,-728,15184,-99,63,62,185034,92065
112947,2408,-868,15264,-395,20,-91,185088,92073
113087,2400,-788,15224,-219,131,-201,184966,92168
113227,2292,-1040,15156,-19,150,27,184857,92101
113367,2384,-924,15268,-80,-271,-36,184894,92108
113507,2276,-652,15344,-197,294,-140,184952,92084
113649,2312,-804,15256,-138,225,-115,185191,92112
113789,2180,-820,15252,-160,-24,-13,184906,92122
113929,2456,-876,15188,-160,124,-96,184915,92179
114069,2416,-712,15292,-276,146,-124,185012,92143
114209,2440,-760,15248,-169,74,-75,185090,92096
114351,2328,-836,15176,20,76,-225,185192,92158
114491,2452,-612,15332,-522,437,27,185013,92039
114631,2164,-1376,15204,5,-187,237,184880,92198
114771,2416,-856,15384,-91,-252,-377,185053,92133
114911,2272,-920,15296,-124,234,-309,185213,92177
115053,2476,-612,15300,53,34,-50,185225,92081
115193,2380,-852,15192,-181,108,-42,185211,92149
115333,2336,-696,15316,-237,152,-47,185207,92221
115473,2328,-880,15288,-230,-49,-77,185317,92243
115613,2320,-932,15300,-132,-190,-112,185428,92219
115753,2292,-784,15252,-229,126,-65,185239,92151
115895,2240,-824,15308,-191,22,27,185342,92133
116035,2328,-776,15276,-160,44,-47,185219,92194
116175,2428,-772,15360,-211,32,-104,185286,92248
116315,2292,-744,15340,-163,53,-88,185241,92155
116455,2316,-796,15212,-180,79,-58,185064,92048
116597,2512,-680,15296,-132,45,-54,185202,92127
116737,2428,-732,15176,-159,29,-117,185161,92097
116877,2436,-816,15364,-189,72,-94,185111,92215
117017,2472,-748,15244,-238,200,-36,185067,92058
117157,2424,-832,15340,-199,107,-115,184939,92069
117299,2332,-668,15252,-174,111,-51,185115,92076
117439,2360,-812,15384,-210,174,-97,185142,92084
117579,2444,-736,15300,-187,-57,-109,185074,92147
117719,2356,-816,15224,-145,112,-88,184956,92076
117859,2472,-676,15268,-154,10,-89,184975,92109
117999,2352,-760,15172,-204,140,-116,185025,92097
118141,2436,-780,15324,-156,105,-84,185208,92095
118281,2408,-712,15292,-179,-24,-109,184905,92093
118421,2212,-756,15164,-149,134,-21,184845,92130
118561,2344,-672,15272,-97,-3,-71,184937,92108
118701,2416,-740,15252,-122,-41,-42,184956,92081
118843,2552,-660,15240,-181,114,-118,184899,92063
118983,2440,-692,15300,-174,117,-126,184734,91972
119123,2396,-724,15240,-255,179,-60,184765,92162
119263,2448,-776,15188,-173,103,-131,184884,92107
119403,2440,-796,15232,-106,33,-101,184862,92108
119545,2492,-716,15304,-167,149,-117,184738,91989
119685,2400,-648,15180,-134,206,-52,184904,92062
119825,2252,-664,15268,-167,-14,-87,184930,92188
119965,2440,-628,15252,-240,115,-88,185060,92222
120105,2284,-736,15368,-228,183,-63,184870,92116
120245,2568,-540,15312,-217,-16,-29,184804,92086
120387,2668,-640,15384,-227,166,8,184997,92136
120527,2468,-628,15344,-157,80,-4,184930,92171
120667,2364,-712,15356,-159,-183,-73,184955,92207
120807,2460,-684,15236,-91,-178,-9,184673,92095
120947,2592,-624,15192,-178,-3,-130,184582,92006
121089,2492,-696,15224,-299,197,-160,184752,92076
121229,2552,-656,15220,-271,314,-101,184797,92111
121369,2576,-596,15336,-206,94,-112,184704,92168
121509,2532,-764,15276,-226,163,6,184701,92062
121649,2548,-692,15176,-112,25,-82,184677,92112
121791,2596,-672,15136,-173,104,-95,184954,92151
121931,2512,-808,15244,-130,50,-69,184949,92118
122071,2560,-556,15144,-156,95,-136,184879,92220
122211,2480,-736,15264,-163,129,-59,184769,92135
122351,2384,-656,15324,-182,160,-150,184826,92183
122493,2320,-756,15308,-187,225,-160,184908,92159
122633,2140,-692,15184,-103,-109,-187,185121,92171
122773,2220,-588,15448,-216,208,-152,184955,92212
122913,2488,-732,15132,-178,229,-53,184841,92250
123053,2572,-704,15144,-153,-26,-103,184905,92200
123193,2584,-744,15360,-149,95,-43,184983,92200
123335,2532,-688,15324,-143,44,-118,185219,92258
123475,2428,-724,15336,-139,-60,-151,185105,92165
123615,2520,-712,15252,-164,111,-123,184989,92307
123755,2460,-672,15268,-158,44,-104,185028,92228
123895,2468,-696,15196,-206,126,-33,185136,92274
124037,2460,-764,15284,-160,-5,-66,185227,92246
124177,2428,-632,15232,-200,68,-106,185316,92231
124317,2512,-752,15224,-175,125,-65,185089,92282
124457,2572,-700,15204,-178,57,-24,185154,92306
124597,2396,-796,15272,-185,148,-114,185172,92260
124737,2560,-776,15284,-150,9,-34,185320,92198
124879,2512,-724,15352,-139,32,-100,185358,92251
125019,2664,-772,15192,-239,34,-151,185162,92213
125159,2500,-784,15240,-142,-24,-40,185123,92300
125299,2628,-656,15168,-177,87,-103,185154,92205
125439,2636,-764,15300,-206,-11,-163,185228,92258
125581,2612,-756,15300,-207,177,-77,185184,92144
125721,2640,-692,15220,-134,113,-118,185122,92221
125861,2552,-744,15248,-247,-22,-70,185136,92312
126001,2404,-696,15248,-232,139,-74,185241,92320
126141,2588,-776,15268,-214,49,-103,185295,92261
126281,2608,-716,15280,-200,124,-75,185044,92202
126423,2404,-780,15296,-218,152,-80,185195,92215
126563,2492,-736,15228,-211,56,-118,185166,92282
126703,2472,-744,15232,-182,107,-69,185200,92349
126843,2552,-780,15264,-164,62,-119,185178,92216
126983,2456,-804,15184,-228,149,-82,185005,92239
127125,2580,-812,15212,-193,149,-90,185162,92185
127265,2516,-628,15232,-193,70,-135,185234,92279
127405,2600,-988,15116,-161,96,-123,185272,92357
127545,2440,-760,15284,-113,147,-120,185103,92303
127685,2480,-740,15336,-298,408,-289,185097,92275
127825,2392,-924,15308,-175,-77,-12,185141,92225
127967,2864,-704,15112,-434,136,317,185299,92289
128107,2504,-912,15260,-667,309,-62,185209,92274
128247,2388,-1316,15116,-144,444,-744,185146,92385
128387,2412,-1160,15352,-95,-64,4,185300,92318
128527,2340,-956,15336,-14,-223,-104,185376,92376
128669,2528,-948,15100,-182,-138,-156,185567,92336
128809,2552,-1128,15212,-143,4,-53,185303,92358
128949,2660,-1012,15240,-265,-85,-68,185210,92394
129089,2476,-1104,15220,-39,-175,-137,185248,92385
129229,2552,-1056,15208,-135,-63,35,185276,92329
129369,2580,-972,15188,-110,22,-86,185182,92274
129511,2652,-992,15268,-58,0,-45,185139,92266
129651,2752,-840,15320,-147,-44,-87,184993,92285
129791,2768,-948,15132,-72,48,-116,185018,92324
129931,2704,-892,15220,-170,59,-104,185124,92249
130071,2780,-888,15128,-211,187,-108,184861,92236
130213,2648,-916,15180,-184,21,-99,184937,92205
130353,2912,-908,15196,-190,170,-53,184927,92241
130493,2780,-856,15268,-176,141,-51,185004,92357
130633,2744,-844,15196,-131,194,-106,185084,92330
130773,2616,-840,15180,-261,106,-114,184884,92264
130913,2644,-936,15164,-180,121,-4,184880,92275
131055,2692,-844,15252,-172,140,-47,185082,92286
131195,2592,-948,15192,-175,103,-88,185093,92330
131335,2676,-836,15244,-192,70,-119,184966,92366
131475,2556,-948,15228,-139,157,-89,184964,92270
131615,2656,-880,15332,-143,101,-38,184975,92297
131757,2724,-920,15276,-91,146,-45,185168,92285
131897,2492,-920,15212,-166,255,-113,185215,92345
132037,2588,-880,15212,-158,-31,-120,185129,92396
132177,2476,-884,15256,-145,39,-125,185060,92344
132317,2776,-792,15288,-163,55,-108,185150,92361
132457,2564,-840,15292,-150,85,-127,185195,92377
132599,2612,-832,15188,-103,-1,-115,185504,92389
132739,2592,-764,15292,-138,44,-140,185312,92425
132879,2460,-952,15196,-148,84,-87,185210,92436
133019,2616,-752,15196,-145,49,-103,185296,92439
133159,2508,-824,15324,-192,109,-117,185371,92428
133301,2648,-1044,15228,-233,262,36,185689,92498
133441,2408,-960,15348,-381,1760,481,185531,92437
133581,2868,-356,16328,-734,4990,1460,185413,92510
133721,1520,-1152,15256,24,-21,4,185853,92643
133861,448,-724,15432,273,2672,786,186088,92675
134003,208,-1016,15628,-937,1648,132,186602,92812
134143,0,-1348,15444,-968,2271,-214,187432,93036
134283,352,-1460,15592,-469,1270,-91,187572,93190
134423,-1340,-1040,15108,-303,2930,140,187606,93267
134563,-1248,-1404,15324,47,732,139,187404,93144
134703,-2116,-1204,15268,21,153,49,187172,93019
134845,-2024,-1096,15256,-10,23,125,187251,93096
134985,-1760,-972,15268,-84,364,-116,187031,93038
135125,-2120,-1080,15256,-229,195,-124,186779,93043
135265,-2028,-1120,15176,-216,-104,-36,186852,92972
135405,-2200,-1152,15296,-159,-117,-92,186802,92986
135547,-1872,-1068,15260,-125,-144,-134,186955,92994
135687,-1896,-1132,15128,-206,-51,-90,186691,92844
135827,-1832,-1104,15212,-180,132,-100,186587,93014
135967,-1816,-1076,15260,-167,46,-106,186626,92939
136107,-1760,-1056,15300,-206,245,-42,186770,92982
136249,-1724,-1004,15324,-229,276,-6,186859,92887
136389,-1784,-1120,15196,-179,134,-103,186689,92910
136529,-1940,-1168,15336,-181,-25,-94,186630,93009
136669,-1700,-1116,15372,-172,107,-69,186745,93021
136809,-1932,-1084,15236,-221,57,-73,186863,92999
136949,-1780,-1168,15248,-275,95,-102,186794,92971
137091,-1896,-1132,15380,-661,724,-118,186836,92944
137231,-2364,-1616,15160,-914,1118,-26,186702,92960
137371,-2052,-1472,15228,-402,29,-185,186744,92997
137511,-2172,-1708,15100,-238,45,-4,186893,92972
137651,-2372,-1580,15184,-226,328,31,186689,92941
137793,-2416,-1528,15324,-160,210,30,186883,92985
137933,-2252,-1532,15208,-180,52,-38,186937,92974
138073,-2424,-1612,15128,-203,118,-19,187073,93149
138213,-2316,-1560,15196,-162,116,-6,187130,93096
138353,-2308,-1504,15164,-222,120,-6,186910,93032
138495,-2216,-1604,15144,-246,414,-38,186843,92927
138635,-2356,-1532,15184,-223,229,-78,186924,93007
138775,-2312,-1616,15104,-222,217,-65,186962,93099
138915,-2432,-1612,15076,-118,51,-122,186993,93066
139055,-2332,-1576,15140,-202,325,8,186841,92991
139195,-2288,-1684,15056,-276,378,-17,186855,93000
139337,-2488,-1664,15136,-208,117,-152,187115,93032
139477,-2492,-1604,15196,-207,26,-86,187153,93082
139617,-2432,-1644,15148,-281,261,-122,187067,93098
139757,-2504,-1624,15084,-200,190,-55,187006,93055
139897,-2532,-1664,15088,-308,366,-67,186995,92981
140039,-2640,-1768,15092,-110,-39,-90,187118,93039
140179,-2556,-1716,15100,-157,-101,-53,187133,93031
140319,-2508,-1708,15196,-148,85,-99,186950,93099
140459,-2376,-1700,15120,-167,-46,-57,186876,92965
140599,-2476,-1576,15104,-185,168,-102,186807,92963
140741,-2480,-1656,15036,-147,105,-119,186982,92949
140881,-2292,-1528,14972,10,-68,-187,186939,92945
141021,-2364,-1644,15160,-181,60,-166,186595,92944
141161,-2488,-1656,15056,-195,-411,-193,186419,92874
141301,-1504,-1564,15156,-102,-75,4,186644,92953
141443,-2424,-1672,15248,-178,-6,-117,186766,92951
141583,-1948,-1876,14848,95,-13,4,186994,92973
141723,-2056,-1652,15056,-211,109,14,186678,92975
141863,-2168,-1656,15128,-165,144,-75,186570,92960
142003,-2372,-1640,15256,-205,235,-38,186578,92905
142143,-2388,-1656,15224,-175,-282,-136,186697,92888
142285,-1964,-1584,15200,-281,419,-74,186907,92939
142425,-2308,-1716,15172,-270,88,-108,186579,92900
142565,-2192,-1660,15180,-193,-57,-87,186464,92938
142705,-2204,-1708,15180,-229,104,-77,186528,92900
142845,-2316,-1760,15260,-183,85,-78,186619,92845
142987,-2144,-1756,15160,-130,40,-68,186763,92896
143127,-2004,-1636,15260,-142,106,-35,186398,92850
143267,-2128,-1644,15276,-221,85,-31,186294,92881
143407,-2016,-1596,15156,-169,97,-62,186371,92820
143547,-2060,-1756,15248,-196,96,-65,186396,92863
143689,-2124,-1600,15092,-146,40,-88,186652,92898
143829,-2064,-1600,15196,-210,194,-71,186321,92761
143969,-2024,-1632,15132,-194,126,-90,186310,92952
144109,-2032,-1588,15132,-161,183,-57,186437,92916
144249,-2180,-1640,15160,-104,108,-79,186562,92946
144391,-2080,-1624,15184,-170,56,-97,186752,92914
144531,-2160,-1612,15192,-211,71,-108,186542,92894
144671,-2124,-1616,15180,-200,182,-83,186385,92971
144811,-2192,-1720,15236,-185,81,-68,186491,92962
144951,-1984,-1612,15124,-187,139,-78,186606,92968
145093,-2072,-1596,15256,-191,52,-123,186697,92962
145233,-2244,-1680,15240,-193,132,-67,186673,92909
145373,-2052,-1656,15208,-183,39,-93,186461,92960
145513,-2160,-1640,15152,-143,83,-91,186561,92983
145653,-2100,-1600,15188,-135,25,-50,186670,92972
145793,-2148,-1620,15200,-190,-29,-83,186744,92984
145935,-2060,-1624,15180,-111,27,-90,186943,92992
146075,-2232,-1656,15104,-162,47,-82,186557,92996
146215,-2124,-1660,15156,-184,-1,-86,186546,93004
146355,-2032,-1572,15116,-175,23,-43,186604,92958
146495,-2028,-1648,15196,-181,3,-34,186672,92899
146637,-2028,-1584,15080,-150,129,-80,186823,92967
146777,-2080,-1596,15152,-181,164,-101,186495,92947
146917,-2048,-1564,15224,-226,132,-124,186437,92984
147057,-2112,-1620,15224,-217,183,-106,186555,92962
147197,-1968,-1532,15240,-119,111,-223,186643,92959
147339,-2176,-1624,15176,-179,230,-102,186833,93000
147479,-2084,-1596,15236,-194,103,-6,186576,92895
147619,-2156,-1600,15228,-236,22,-62,186540,93023
147759,-2088,-1580,15156,-174,131,-81,186713,92940
147899,-2148,-1648,15224,-188,131,-69,186774,93010
148041,-2152,-1652,15204,-177,85,-121,186970,93032
148181,-2044,-1584,15152,-168,156,-84,186623,92939
148321,-2036,-1520,15148,-86,-76,-111,186550,93099
148461,-2248,-1588,15204,-99,-65,-100,186684,92984
148601,-2076,-1552,15244,-182,-21,38,186724,93032
148743,-2048,-1480,15148,-142,-92,-48,186858,92987
148883,-2084,-1568,15196,-182,5,-25,186477,92898
149023,-1988,-1540,15228,-203,-38,-31,186432,93016
149163,-2040,-1596,15116,-124,-90,-19,186471,92961
149303,-2120,-1584,15212,-194,-38,-82,186503,92969
149445,-1880,-1464,15176,-179,12,-121,186373,92820
149585,-1844,-1548,15276,-223,-3,-86,186212,92823
149725,-1900,-1448,15244,-201,193,-165,186142,92911
149865,-1904,-1528,15232,-114,265,-144,186223,92935
150005,-1984,-1456,15224,-196,123,-144,186311,92910
150145,-1956,-1496,15300,-42,334,-299,186064,92789
150287,-2052,-1460,15196,-336,749,-300,186134,92844
150427,-2644,-1732,15184,-165,751,-463,186197,92853
150567,-2380,-1656,15044,36,49,-105,186332,93022
150707,-2356,-1440,15216,-84,-121,-155,186479,92925
150847,-2392,-1580,15156,-146,259,-82,186279,92939
150989,-2576,-1440,15184,-571,370,-236,186561,92938
151129,-2764,-1780,15040,-245,7,-727,186751,93064
151269,-1812,-1624,15068,-349,-792,-803,187122,93229
151409,-2008,-2052,15088,-4,-709,-607,187140,93207
151549,-1796,-1992,15140,-330,-34,-43,186944,93112
151689,-1896,-1716,15052,-208,-133,131,187026,93089
151831,-2104,-1776,15292,-152,507,-451,187238,93190
151971,-2276,-1836,15140,-126,503,-332,187414,93244
152111,-2420,-1864,15112,237,-719,431,187580,93328
152251,-1676,-1256,15468,205,-423,-357,187544,93232
152391,-1832,-1424,15068,-209,-301,-216,187293,93191
152533,-2012,-1628,15200,-154,504,-136,187357,93172
152673,-1836,-1728,15248,-282,-178,159,187375,93183
152813,-1716,-1564,15252,-141,194,64,187236,93216
152953,-1656,-1568,15092,213,228,-462,187143,93157
153093,-1936,-1656,15164,-73,-685,227,187339,93252
153235,-1540,-1312,15320,-157,7,-217,187455,93249
153375,-1864,-1592,15224,-209,165,-149,187723,93279
153515,-2024,-1580,15232,-147,75,-100,187444,93326
153655,-1704,-1512,15276,-211,39,-72,187445,93312
153795,-2008,-1672,15160,-190,137,-154,187570,93314
153935,-1860,-1636,15260,-199,153,-59,187714,93332
154077,-1872,-1524,15360,-190,86,-88,187942,93341
154217,-1852,-1532,15272,-172,87,-69,187634,93375
154357,-1876,-1588,15140,-194,48,-101,187636,93402
154497,-1928,-1552,15220,-166,135,-84,187749,93358
154637,-1956,-1540,15200,-185,83,-11,187879,93364
154779,-2156,-1672,15236,-257,90,-88,188114,93438
154919,-1816,-1604,15188,-173,-77,-124,187871,93406
155059,-1932,-1600,15264,-150,156,-37,187819,93449
155199,-2084,-1604,15196,-131,93,-75,187952,93409
155339,-1968,-1544,15256,-166,-9,-165,188070,93450
155481,-1944,-1644,15120,-172,42,-99,188326,93472
155621,-1992,-1636,15272,-180,210,-94,188051,93379
155761,-2024,-1608,15228,-255,328,-57,188061,93511
155901,-1968,-1576,15288,-198,9,-24,188093,93465
156041,-1888,-1624,15316,-109,-6,-47,188256,93520
156183,-1732,-1552,15248,-165,-169,-28,188280,93469
156323,-1808,-1644,15148,-224,259,-118,188217,93433
156463,-1772,-1576,15212,-135,20,-81,188118,93499
156603,-1860,-1640,15084,-195,147,-121,188170,93537
156743,-1896,-1588,15328,-131,91,-102,188288,93507
156883,-1892,-1548,15196,-196,209,-96,188258,93436
157025,-1944,-1572,15152,-238,13,-98,188307,93511
157165,-1868,-1680,15172,-215,134,-155,188304,93475
157305,-1888,-1636,15192,-20,-88,-161,188351,93628
157445,-2320,-1784,15168,-18,-472,-176,188471,93552
157585,-1708,-1480,15272,-172,-76,-150,188275,93525
157727,-1812,-1548,15300,-119,-14,24,188247,93454
157867,-1960,-1600,15264,-117,-192,39,188408,93511
158007,-2032,-1700,15232,-95,18,-112,188367,93595
158147,-1828,-1432,15184,-107,318,-234,188398,93595
158287,-2120,-1700,15208,-193,-134,58,188205,93518
158427,-1800,-1340,15376,-126,-25,46,188272,93478
158569,-2048,-1704,15120,-160,69,-129,188390,93558
158709,-2008,-1332,15308,-31,-108,-48,188483,93551
158849,-1720,-1292,15208,-252,106,178,188291,93600
158989,-1680,-1360,15220,-2,-96,-143,188265,93487
159129,-1752,-1440,15192,-44,-68,-8,188192,93486
159271,-1768,-1456,15328,61,-85,7,188245,93483
159411,-1600,-1240,15364,-60,-193,56,188024,93349
159551,-1436,-1284,15264,-27,20,-43,187661,93443
159691,-1392,-1244,15336,-113,36,-87,187509,93271
159831,-1516,-1168,15292,-101,-18,-111,187384,93253
159973,-1568,-1284,15224,-212,367,-347,187420,93186
160113,-1712,-1376,15288,-260,412,-231,187219,93171
160253,-1716,-1344,15180,-162,167,16,187390,93293
160393,-1660,-1364,15216,-183,46,50,187534,93325
160533,-1648,-1292,15164,-70,-123,-24,187724,93375
160675,-1396,-1432,15292,-165,130,-342,187500,93289
160815,-1384,-960,15360,-263,15,54,187681,93314
160955,-1400,-1184,15228,-315,189,41,187689,93427
161095,-1568,-1140,15312,-129,301,-363,187825,93453
161235,-1708,-1200,15212,-211,254,-107,187616,93375
161375,-864,-1204,15280,-38,-127,319,187666,93364
161517,-1788,-1384,15288,-292,712,-444,187850,93428
161657,-1596,-1204,15256,-97,687,-280,187955,93475
161797,-1952,-1248,15348,-37,-1281,229,187821,93530
161937,-1676,-1232,15180,-367,354,-259,187849,93507
162077,-1804,-1456,15184,-184,-69,-127,187932,93481
162219,-1512,-1232,15232,-140,-261,69,188231,93569
162359,-1740,-1392,15252,-251,472,-116,188072,93509
162499,-1772,-1420,15308,-205,-82,-133,187878,93638
162639,-1768,-1380,15316,-170,121,-36,188054,93542
162779,-1736,-1376,15180,-254,75,-202,188177,93595
162921,-1776,-1392,15276,-143,8,-112,188309,93563
163061,-1540,-1308,15196,-170,249,-57,188140,93579
163201,-1788,-1408,15180,-83,19,-125,188229,93674
163341,-1652,-1220,15248,-241,175,-118,188311,93673
163481,-1396,-1328,15224,-144,-99,145,188507,93725
163623,-1976,-1484,15200,-185,391,-381,188332,93654
163763,-1508,-1232,15188,-201,197,-58,188430,93625
163903,-1724,-1332,15272,-219,30,-1,188472,93749
164043,-1752,-1476,15244,-216,-95,-79,188592,93794
164183,-1736,-1368,15220,-132,29,-130,188599,93758
164323,-1780,-1276,15296,-234,206,-116,188495,93628
164465,-1684,-1380,15188,-200,91,-131,188610,93721
164605,-1840,-1368,15248,-126,78,-74,188641,93731
164745,-1620,-1436,15284,-141,-26,-39,188663,93798
164885,-1732,-1408,15264,-184,141,-65,188637,93697
165025,-1708,-1284,15296,-229,81,-103,188507,93703
165167,-1656,-1232,15260,-300,74,-115,188645,93699
165307,-1320,-1488,15220,-31,-243,-182,188650,93692
165447,-1548,-1352,15360,-130,510,-169,188578,93794
165587,-1716,-1380,15360,-131,301,-129,188441,93725
165727,-1612,-1216,15224,-144,132,-54,188462,93700
165867,-1976,-1376,15316,-262,205,-83,188488,93699
166009,-1716,-1276,15248,-156,72,-168,188723,93706
166149,-1784,-1316,15268,-220,334,-132,188382,93687
166289,-1776,-1248,15232,-297,195,-59,188342,93719
166429,-1808,-1292,15172,-236,219,-136,188440,93687
166569,-1788,-1352,15252,-154,116,-51,188449,93711
166711,-1836,-1316,15276,-113,55,-107,188507,93691
166851,-1676,-1316,15196,-144,61,-94,188282,93665
166991,-1776,-1316,15284,-203,101,-81,188382,93759
167131,-1716,-1300,15220,-221,110,-87,188447,93743
167271,-1792,-1328,15288,-166,23,-138,188533,93766
167411,-1860,-1360,15100,-204,91,-170,188329,93681
167553,-1680,-1332,15216,63,-81,-246,188448,93682
167693,-1536,-1280,15260,492,-279,-68,188358,93749
167833,-1100,-724,15356,266,-423,223,188400,93819
167973,-988,-708,15308,242,167,-139,188400,93746
168113,-1724,-672,15308,0,677,-152,188190,93715
168255,-1812,-688,15276,-262,292,259,188288,93735
168395,-1860,-800,15276,-41,80,33,188159,93654
168535,-1684,-596,15328,-25,-85,713,188158,93760
168675,-1072,-412,15340,-151,-207,440,187857,93655
168815,-1200,-480,15420,-51,-324,429,187816,93638
168957,-1092,-408,15304,-165,432,-15,187765,93576
169097,-1156,-488,15368,-166,299,-73,187941,93603
169237,-1348,-500,15280,-98,33,60,187720,93633
169377,-1360,-368,15288,-68,158,259,187642,93630
169517,-1372,-328,15276,-208,196,-62,187695,93592
169657,-1452,-460,15228,-225,360,-107,187753,93582
169799,-1524,-416,15232,-226,187,-74,187972,93609
169939,-1584,-428,15416,-125,276,-133,187762,93592
170079,-1748,-500,15368,-97,-29,-147,187606,93638
170219,-1588,-420,15336,-262,-11,-34,187681,93603
170359,-1452,-432,15248,-237,-204,4,187697,93591
170501,-1372,-416,15396,-131,-215,103,187947,93625
170641,-1368,-412,15440,-144,-29,42,187713,93523
170781,-1184,-444,15244,-166,68,50,187591,93635
170921,-1280,-448,15420,-193,87,-8,187600,93555
171061,-1332,-352,15376,-221,87,-25,187635,93570
171201,-1256,-520,15428,-172,84,-89,187666,93567
171343,-1200,-500,15384,-190,37,-57,187798,93536
171483,-1264,-364,15316,-186,61,-20,187526,93531
171623,-1220,-440,15376,-222,164,-122,187501,93582
171763,-1316,-544,15352,-164,93,-151,187565,93548
171903,-1132,-432,15376,-235,167,-94,187611,93488
172045,-1336,-528,15408,-112,-26,-129,187768,93558
172185,-1092,-420,15416,-209,187,-60,187554,93464
172325,-1252,-508,15336,-198,401,-254,187529,93586
172465,-1360,-492,15316,-63,264,-152,187690,93505
172605,-1676,-512,15432,-89,150,-220,187748,93564
172747,-1440,-412,15188,-72,83,-58,187851,93549
172887,-1568,-448,15368,-162,-115,-101,187638,93488
173027,-1376,-472,15368,-178,-27,-117,187719,93621
173167,-1300,-400,15352,-133,116,-172,187704,93569
173307,-1576,-380,15436,-132,422,-148,187826,93621
173449,-1436,-328,15264,-94,594,-337,187767,93504
173589,-2068,-508,15240,-60,110,-202,187872,93577
173729,-1292,-348,15224,-102,709,-306,187904,93680
173869,-1724,-312,15328,29,861,-676,188076,93742
174009,-1968,-344,15176,-201,353,-336,188245,93714
174149,-1872,-288,15476,-316,641,-161,188145,93678
174291,-1852,-480,15460,-291,242,8,188331,93706
174431,-1616,-268,15228,-96,187,51,188375,93767
174571,-1504,-380,15400,-58,14,99,188495,93880
174711,-2028,-432,15288,-131,144,-186,188512,93816
174851,-2156,-392,15324,-532,970,-112,188448,93748
174993,-2408,-432,15196,24,935,-378,188593,93836
175133,-1972,0,15304,175,105,-1369,188694,93850
175273,-3288,-300,15404,-338,3280,-220,188606,93927
175413,-2680,-36,14792,-904,1645,154,188564,93819
175553,-3772,516,14300,-1145,79,657,188465,93764
175695,-4228,-892,14852,-1027,855,281,188930,93855
175835,-2752,-180,14524,-370,650,198,188928,93789
175975,-5616,-1428,15808,-1282,102,-744,188855,93941
176115,-4092,-1548,14504,-755,1126,-507,188905,93892
176255,-3676,-2044,14660,-463,45,-673,188919,93908
176397,-2556,-1748,14528,-651,1363,267,188998,93863
176537,-4808,-2696,14420,-1035,635,-128,188989,93860
176677,-4540,-2524,13780,1331,1257,-104,188879,93957
176817,-3944,-1272,15044,1020,230,-157,188906,93959
176957,-3468,-1484,14284,1372,-617,-228,188833,93861
177097,-3008,-656,13772,3250,-2,327,188460,93734
177239,-3220,872,15184,3474,-2231,46,188265,93702
177379,-3096,1816,15732,3085,-343,610,188046,93635
177519,-3124,2764,15212,2562,-745,-187,187896,93669
177659,-2292,3468,15136,1511,-1298,67,187401,93469
177799,-2984,3864,15208,1603,585,298,186730,93311
177941,-2496,4720,15240,1055,-737,50,186468,93203
178081,-1296,4968,14536,64,-981,-3,185963,92937
178221,-1892,4848,14856,-163,-370,-699,185412,92953
178361,-1096,4468,14672,-142,-326,71,185270,92796
178501,-1376,4952,14636,-237,231,-398,185241,92788
178643,-1352,4816,14520,-214,412,-120,185268,92743
178783,-1660,4568,14576,-525,-1367,-217,185099,92670
178923,-828,4524,14804,-275,-514,-149,184899,92697
179063,-764,4424,14972,-309,-341,-132,184831,92743
179203,-1032,4276,14776,-320,-93,-264,184790,92656
179343,-1256,4508,14800,-378,-336,-490,184507,92595
179485,-1332,4332,14804,-164,378,-237,184485,92549
179625,-996,4380,14672,-295,-669,-86,184438,92582
179765,-1124,4428,14716,-179,-222,12,184433,92705
179905,-664,4192,14804,-29,4,164,184523,92716
180045,-920,4404,14852,-107,192,-134,184386,92611
180185,-844,4360,14792,-208,-53,-295,184268,92544
180327,-996,4428,14704,-339,133,-146,184437,92655
180467,-868,4348,14712,-91,214,30,184495,92653
180607,-972,4336,14800,-259,-175,-127,184547,92849
180747,-676,4284,14848,-391,-24,-274,184473,92714
180887,-904,4220,14780,-258,-29,-312,184436,92738
181029,-684,4188,14804,-237,-81,-235,184493,92735
181169,-700,4160,14852,-197,163,-152,184755,92779
181309,-744,4180,14856,-157,78,-171,184805,92850
181449,-688,4232,15016,-243,-100,-119,184828,92906
181589,-848,4304,14712,-288,-119,-74,184672,92769
181729,-728,4036,14932,-212,-36,-102,184585,92809
181871,-700,4100,14940,-249,-143,-116,184683,92735
182011,-600,4096,14828,-186,171,36,184822,92798
182151,-684,4096,15020,-149,98,-70,184811,92860
182291,-800,4168,14724,-173,53,-159,184644,92844
182431,-744,4056,14948,-204,113,-112,184568,92822
182571,-644,4104,14808,-212,77,-67,184603,92802
182713,-680,4136,14952,-162,24,-74,184825,92814
182853,-596,4060,14844,-179,120,-48,184887,92857
182993,-548,4124,14888,-233,60,-119,184908,92951
183133,-564,4100,14844,-226,70,-98,184684,92887
183273,-644,4032,14784,-175,9,-59,184597,92837
183413,-784,4088,14840,-180,58,-111,184689,92794
183555,-696,4096,14900,-215,-19,-127,184911,92887
183695,-600,4088,14872,-136,131,-65,184917,92824
183835,-508,4116,14976,-97,-4,45,184974,93025
183975,-800,4080,14864,-61,156,-125,184740,92876
184115,-744,4168,14844,-177,-4,-82,184670,92870
184257,-452,4280,14796,-185,-43,7,184643,92830
184397,-528,4164,14932,-253,-153,-215,184815,92851
184537,-428,4068,14936,-153,233,-108,184799,92919
184677,-540,4168,14932,-221,240,-56,184618,92916
184817,-692,4324,14840,-142,30,47,184561,92849
184957,-708,4164,14824,-278,-59,-317,184594,92835
185099,-544,4164,14856,-236,144,-6,184800,92872
185239,-612,4112,14864,-148,153,-59,184789,92828
185379,-412,4076,14840,-162,211,-124,184838,92955
185519,-548,4156,14896,-135,383,-98,184598,92841
185659,-484,4104,14892,-85,205,-31,184560,92868
185801,-368,4108,14964,-149,149,-51,184588,92859
185941,-360,4100,14856,-112,183,-128,184777,92864
186081,-692,4076,14832,-44,69,-136,184825,92924
186221,-576,4084,14724,-216,-79,-56,184594,92908
186361,-464,4128,14784,-202,115,2,184545,92821
186501,-504,4156,14852,-219,255,-77,184477,92834
186643,-580,4140,14804,-171,-96,-115,184669,92825
186783,-584,4156,14988,-167,26,-140,184684,92838
186923,-360,4156,14960,-194,72,-129,184714,92950
187063,-428,4240,14868,-216,-116,-150,184485,92873
187203,-416,4036,14904,-157,-159,-61,184460,92833
187343,-420,4080,14820,-260,94,-43,184485,92801
187485,-312,4000,14900,-67,140,-134,184691,92874
187625,-676,4072,14732,-284,24,-177,184720,92865
187765,-284,3860,14860,-214,-225,114,184475,92904
187905,-436,4156,14824,-70,143,82,184526,92808
188045,-504,3940,14896,-354,227,-352,184512,92847
188187,-344,4216,14784,-163,-74,-37,184651,92808
188327,-176,4080,14800,-203,35,-88,184765,92882
188467,-168,4188,14908,-274,-39,48,184555,92909
188607,-260,3984,14972,-18,402,143,184598,92912
188747,-464,4004,14916,-199,748,-177,184662,92880
188887,-568,3964,14844,-151,-47,-206,184752,92830
189029,-380,4348,14832,-181,-46,113,184909,92950
189169,-352,4084,14920,-279,-161,-134,184648,92875
189309,-292,4032,14848,-233,-130,-191,184546,92924
189449,-332,4004,14812,-56,201,-189,184627,92848
189589,-72,4144,14856,-167,234,24,184639,92896
189731,-264,4068,14864,-176,92,-55,184736,92844
189871,-272,4068,14888,-69,197,-5,184549,92843
190011,-332,4176,14888,-211,126,-187,184490,92943
190151,-232,4080,14884,-131,29,38,184587,92928
190291,-220,4176,14836,-140,316,-97,184688,92929
190431,-448,4276,14852,-105,55,-98,184396,92833
190573,-412,4204,14892,-85,-24,42,184521,92852
190713,-344,4264,15040,-414,-362,-102,184435,92865
190853,-376,4024,14820,-132,194,-83,184489,92941
190993,-20,4124,14924,-307,267,-188,184525,92882
191133,-504,4064,14868,-253,11,33,184383,92816
191275,-128,4144,14776,-151,5,-155,184563,92899
191415,-428,4144,14816,-276,178,-94,184566,92891
191555,-216,4052,14864,-72,6,-21,184559,92960
191695,-164,4080,14900,-135,166,-21,184446,92847
191835,-284,4100,14856,-38,162,-225,184402,92886
191977,-220,4176,14848,-55,59,-21,184534,92871
192117,-240,4296,14864,-210,-5,-34,184586,92871
192257,-304,4156,14868,-194,60,-140,184351,92940
192397,-456,4192,14828,-234,176,-46,184428,92929
192537,-372,4232,14792,-241,1,-121,184428,92907
192677,-260,4144,14844,-112,100,-79,184504,92901
192819,-248,4148,14784,-102,69,-19,184465,92847
192959,-336,4228,14920,-169,120,-94,184316,92888
193099,-260,4156,14800,-293,230,-69,184324,92944
193239,-236,4064,14920,-164,13,-122,184481,92885
193379,-256,4068,14788,-68,120,-66,184319,92870
193521,56,4300,14836,-162,662,-387,184385,92858
193661,28,4384,14812,-254,99,-93,184338,92839
193801,-676,4044,14812,-225,261,-61,184408,92977
193941,24,4068,14964,-213,-12,-142,184457,92938
194081,-336,3948,14916,-256,58,-134,184305,92903
194221,-308,4060,14900,-206,-97,-52,184309,92905
194363,-320,3972,14880,-100,120,-22,184550,92929
194503,-420,3992,14840,-199,70,-209,184550,92973
194643,-288,4056,14820,-47,91,66,184338,92975
194783,-312,4192,14872,-214,-51,-77,184345,92921
194923,-168,4048,14788,-123,239,-156,184334,92937
195065,-236,4076,14820,-227,258,-202,184559,92947
195205,-488,4220,14868,-254,441,-6,184440,92879
195345,-260,4020,14908,-212,71,-169,184307,92962
195485,-328,4176,14912,-268,21,-111,184354,92963
195625,-328,4156,14868,-151,31,-54,184399,92962
195765,-200,4108,14868,-205,233,-116,184424,92914
195907,-288,4060,14908,-99,145,-43,184397,92900
196047,-376,4116,14856,-144,55,-141,184238,92929
196187,-420,4128,14892,-189,89,-128,184292,92974
196327,-504,4012,14904,-210,33,-61,184376,92947
196467,-404,4136,14804,-127,79,-18,184435,92913
196609,-768,4136,14676,-450,-127,-167,184382,92912
196749,-172,4308,14792,84,846,439,184264,92855
196889,-172,4276,14840,-452,174,-356,184270,93015
197029,-532,3972,14920,-205,307,-85,184463,92952
197169,-300,4160,14788,-134,59,-102,184401,92961
197311,-384,4028,14908,-256,-5,-162,184377,92894
197451,-420,4068,14896,44,323,13,184362,92906
197591,-492,4320,14824,-526,540,576,184390,93036
197731,-316,4272,14924,122,1139,248,184539,93018
197871,-692,4028,14872,-269,219,-655,184404,92986
198013,-720,4172,14816,-218,486,-162,184368,92932
198153,-520,4488,14856,-75,-529,-58,184540,92948
198293,540,4296,14772,-319,-165,399,184564,93052
198433,-844,4268,14876,-234,-55,-94,184567,93056
198573,-28,4152,14892,-241,343,-197,184414,92987
198713,-232,4104,14856,-68,-205,-4,184467,92924
198855,20,4368,14916,108,-58,-43,184611,93007
198995,84,4204,14820,-113,69,-5,184641,93031
199135,-72,4116,14908,-274,0,-426,184372,93019
199275,-96,4244,14740,-203,274,-245,184402,92949
199415,-60,4244,14728,-150,-185,89,184352,92959
199557,-140,4364,14972,-97,138,-244,184548,92982
199697,-280,4124,14876,-187,191,-174,184383,92900
199837,-260,4104,14884,-194,-118,-132,184288,93011
199977,148,4128,14892,-173,-123,45,184341,92982
200117,-188,4148,14980,-181,20,-147,184385,92992
200257,-328,4072,14884,-195,242,-50,184390,92942
200399,36,4216,14900,-245,10,26,184386,92924
200539,-284,4312,14884,-282,66,-173,184304,93002
200679,-116,4144,14884,-45,-160,-178,184390,93077
200819,-316,4180,14820,-128,173,-85,184535,93036
200959,-288,4284,14784,-113,253,-65,184321,92966
201101,-364,4132,15008,-126,219,-48,184481,93016
201241,-248,4228,14848,-202,-86,-92,184432,92929
201381,-176,4228,14776,-236,-29,-115,184491,93128
201521,-160,4152,14952,-216,55,-95,184382,93029
201661,-288,4136,14808,-176,-7,65,184331,93026
201803,-128,4176,14908,-173,100,-13,184380,92983
201943,-284,4120,14760,-172,102,31,184589,92987
202083,-268,4312,14780,-138,201,-25,184522,93068
202223,-236,4260,14820,-175,39,-93,184356,93069
202363,-228,4128,14884,-192,114,-110,184424,93021
202503,-272,4240,14896,-144,94,-89,184448,93022
202645,-204,4216,14836,-155,88,-81,184707,93072
202785,-260,4304,14768,-188,1,-73,184464,92936
202925,-356,4160,14852,-115,-50,-125,184398,93127
203065,-236,4308,14800,-188,-66,-60,184476,93059
203205,-184,4180,14888,-83,-75,-76,184562,93070
203347,-24,4424,14920,-280,459,-401,184566,93013
203487,-188,4372,14852,-190,80,-87,184495,92962
203627,-140,4112,14824,-166,-71,-125,184435,93076
203767,-36,4212,14828,-101,69,33,184473,93111
203907,-204,4320,14848,-160,305,-104,184570,93070
204047,-184,4320,14828,-164,282,-65,184441,93004
204189,-172,4344,14728,-319,-83,-87,184493,93012
204329,-140,4164,14896,-169,-118,-71,184492,92940
204469,96,4244,14824,-227,109,-101,184521,93134
204609,-236,4324,14904,-45,389,-159,184564,93055
204749,-52,4260,14768,-135,178,-107,184419,93047
204891,-120,4356,14936,-147,150,-89,184429,93002
205031,-168,4304,14756,-209,122,-117,184618,93003
205171,-200,4276,14892,-278,90,-108,184601,93117
205311,-48,4216,14812,-185,96,-34,184445,93103
205451,-328,4300,14792,-194,129,-204,184429,93053
205591,-240,4272,14824,-251,75,-110,184451,93003
205733,-116,4216,14908,-205,-52,-72,184691,93096
205873,32,4296,14888,-207,22,-154,184696,93011
206013,-84,4344,14808,-224,52,-81,184449,93154
206153,-108,4160,14800,-260,-72,-147,184511,93059
206293,-120,4252,14792,-264,25,-102,184509,93073
206435,-84,4128,14824,-253,-8,-62,184614,93009
206575,-60,4004,14832,-478,-460,-343,184618,92996
206715,160,3980,14924,-257,92,66,184426,93067
206855,-92,3988,14904,-368,29,-62,184494,93096
206995,204,3880,14944,-286,249,-69,184557,93064
207135,-180,3968,14768,-284,210,-117,184619,93011
207277,-112,3996,14848,-311,-9,-203,184598,93025
207417,-76,3820,14940,-297,59,-136,184575,92990
207557,-4,3736,14932,-292,-2,25,184591,93191
207697,-100,3776,15064,-237,113,-77,184719,93104
207837,-104,3800,14928,-89,214,-60,184758,93118
207979,-12,3896,15016,-84,326,-91,184582,93034
208119,-208,3876,14920,3,295,8,184767,93073
208259,-224,3976,14972,-24,213,-50,184753,93141
208399,-212,3980,14916,29,-8,-65,184875,93211
208539,-272,3964,14864,137,369,-179,184846,93167
208679,-356,4128,14688,267,663,-57,184806,93147
208821,-608,4228,14764,128,270,-318,185025,93170
208961,-664,4308,14908,-75,397,-209,185022,93166
209101,-600,4432,14812,-241,-106,-19,185129,93286
209241,-508,4460,14752,-233,30,88,184942,93207
209381,-400,4196,14800,-169,45,3,184902,93183
209521,-644,4460,14748,-91,383,10,184948,93158
209663,-476,4348,14968,-244,141,-212,185147,93189
209803,-608,4196,14788,-166,-39,-30,184928,93195
209943,-428,4376,14748,-164,123,-3,184831,93210
210083,-292,4180,14932,-229,-62,-26,184857,93175
210223,-352,4408,14816,-133,25,-63,184883,93152
210365,-300,4212,14808,-163,34,-192,185058,93194
210505,-400,4392,14852,-257,-42,25,184748,93115
210645,-344,4124,14844,-231,-115,-32,184660,93260
210785,-348,4196,14804,-215,78,-152,184752,93143
210925,-344,4216,14916,-215,32,-136,184754,93173
211067,-292,4336,14796,-144,-36,-90,184708,93115
211207,-412,4276,14804,-189,57,-99,184615,93096
211347,-184,4264,14780,-228,-2,-88,184628,93222
211487,-288,4268,14780,-193,62,-41,184721,93184
211627,-300,4284,14908,-200,55,-92,184798,93201
211769,-304,4272,15048,-200,-38,-80,184562,93118
211909,-176,4228,14700,-198,78,-83,184714,93129
212049,-236,4244,14932,-213,150,-110,184691,93213
212189,-208,4284,14808,-174,147,-106,184826,93268
212329,-224,4188,14808,-177,247,-112,184802,93205
212469,-180,4256,14872,-185,158,-100,184671,93112
212611,-196,4192,14844,-191,82,-115,184850,93219
212751,-256,4312,14784,-216,-10,-91,184851,93172
212891,-308,4280,14844,-194,67,-134,184922,93362
213031,-176,4252,14828,-161,-53,-24,184800,93239
213171,-292,4268,14860,-159,-121,-121,184839,93248
213313,-140,4124,14880,-177,-91,-106,184812,93205
213453,0,4204,14852,-172,-84,-52,185020,93225
213593,-8,4200,14864,-127,124,-132,184953,93256
213733,-72,4288,14796,-135,183,-72,184837,93257
213873,-140,4260,14820,-162,266,-142,184921,93213
214013,-220,4240,14932,-120,213,-114,184921,93244
214155,-204,4280,14804,-197,91,-38,185104,93227
214295,-172,4244,14820,-239,27,-105,184963,93222
214435,-112,4148,14856,-222,-56,-95,184886,93319
214575,-32,4228,14808,-183,65,-82,184976,93310
214715,12,4200,14836,-234,105,-54,185052,93278
214855,4,4240,14896,-172,-33,-122,185136,93223
214997,16,4248,14836,-242,-18,-92,185055,93233
215137,0,4176,14784,-195,31,-53,184992,93206
215277,-36,4168,14720,-225,-15,-124,184977,93391
215417,96,4144,14904,-209,50,-104,185077,93310
215557,-24,4148,14916,-181,18,-134,185163,93322
215699,8,4216,14832,-246,48,-111,184940,93211
215839,28,4016,14804,-211,-43,-96,185029,93209
215979,36,4164,14920,-203,22,-80,184974,93328
216119,28,4100,14956,-211,-15,-96,185035,93367
216259,60,4108,14884,-151,134,-71,185125,93307
216399,44,4240,14840,-152,54,-64,184955,93233
216541,8,4152,14948,-98,149,-10,185019,93249
216681,48,4084,14876,-155,103,-67,184934,93189
216821,96,4152,14872,-235,-34,-97,185020,93335
216961,64,4080,14868,-195,117,-63,185060,93301
217101,28,4180,14896,-175,-102,-18,184941,93243
217241,64,4108,14908,-196,49,-109,184840,93228
217383,44,4180,14928,-188,53,-77,184994,93228
217523,80,4172,14912,-222,77,-111,185003,93262
217663,172,4144,14864,-202,77,-62,185004,93361
217803,152,4204,14864,-245,-135,-71,184895,93219
217943,76,4132,14896,-205,-81,-79,184834,93235
218085,128,4164,14908,-198,147,-77,185000,93205
218225,108,4120,14880,-214,89,-74,185071,93267
218365,188,4128,14924,-157,126,-153,185080,93341
218505,72,4192,14980,-210,52,-109,184911,93262
218645,168,4164,14784,-150,-10,-95,184923,93273
218787,52,4220,14876,-186,67,-85,184910,93236
218927,132,4088,14884,-144,138,-73,185129,93255
219067,32,4084,14920,-83,178,-13,185055,93307
219207,128,4204,14780,-161,121,-115,184914,93318
219347,12,4160,15040,-161,234,16,184925,93269
219487,8,4320,14884,-184,0,-27,184962,93212
219629,64,4268,14880,-218,79,-126,185140,93294
219769,144,4136,14808,-242,122,-84,184928,93201
219909,208,4136,14880,-174,-18,-58,184872,93370
220049,120,4220,14948,-189,111,-143,184988,93263
220189,76,4212,14740,-215,121,-50,185040,93303
220331,132,4160,14944,-218,165,-94,185118,93242
220471,-20,4080,14748,-224,150,-33,184966,93263
220611,164,4136,14804,-179,87,-73,184937,93322
220751,116,4076,14904,-118,85,-99,185027,93335
220891,116,4156,14920,-192,19,-96,185100,93322
221031,184,4072,14904,-177,-111,-17,184965,93260
221173,-4,4092,14908,-199,-10,-88,185064,93259
221313,12,3920,14788,-188,50,-53,185007,93314
221453,52,4132,14772,-197,76,-65,185080,93375
221593,240,4148,14912,-208,65,-78,185114,93326
221733,188,4152,14864,-213,53,-122,184980,93225
221875,32,4104,14900,-226,89,-79,185150,93298
222015,96,4132,14956,-193,107,-94,185150,93332
222155,212,4096,14888,-199,152,-123,185171,93436
222295,180,4128,14888,-161,131,-48,185126,93293
222435,12,4068,14884,-108,-87,-27,185074,93314
222577,144,4104,14904,-143,56,-93,185222,93321
222717,184,4056,14732,-161,-67,-57,185246,93291
222857,80,4044,14920,-149,128,-73,185277,93395
222997,252,4092,14944,-140,136,-65,185121,93315
223137,284,4084,14940,-192,52,-108,185164,93352
223279,160,4124,14904,-153,129,-26,185171,93270
223419,328,4148,15092,-124,204,-107,185321,93345
223559,256,4144,14904,-286,-110,-150,185071,93374
223699,200,4100,14788,-225,6,-64,185087,93396
223839,252,4060,14900,-278,56,-207,185154,93326
223979,232,4036,14836,-168,25,105,185199,93344
224121,208,4104,14804,-227,376,-400,185186,93317
224261,200,3988,14904,-174,124,14,185025,93356
224401,24,4092,15028,-139,-14,19,185067,93398
224541,324,4064,14988,-179,175,-245,185156,93368
224681,36,3916,14960,-64,16,102,185106,93260
224823,316,4292,15028,-244,72,-152,185076,93340
224963,244,3988,15108,-320,771,-688,185102,93352
225103,-1372,4488,14672,461,318,190,185129,93431
225243,356,3916,14832,-430,284,-762,185156,93366
225383,-60,4076,14700,-71,18,645,184860,93290
225525,-44,4460,14876,-407,4,72,184929,93294
225665,40,4028,14744,-112,140,-456,184873,93233
225805,112,4156,14892,-106,24,149,184922,93425
225945,-300,4396,14712,-145,410,-198,184798,93247
226085,-300,4228,14824,-89,86,-6,184735,93283
226227,-84,4096,14880,-294,180,-161,184852,93242
226367,-204,4068,14808,-171,242,-189,184947,93301
226507,212,4376,14976,-242,19,246,184902,93352
226647,128,3980,14892,-379,22,-105,184807,93316
226787,-344,4128,15028,-185,-162,145,184816,93292
226927,228,3996,14876,-182,-294,174,184891,93268
227069,132,4144,14832,-233,52,94,185098,93326
227209,568,4548,14768,-474,43,-39,184917,93305
227349,308,4112,14744,-193,48,-557,184847,93332
227489,220,3880,14848,-579,252,-209,184884,93258
227629,780,3300,14676,-104,531,240,184691,93193
227771,-60,3960,14972,-995,-837,287,184604,93123
227911,580,3528,14996,-809,-1724,604,184177,92997
228051,944,3452,14936,-874,-1073,41,184213,93148
228191,948,3164,14940,-521,-836,-259,184229,93121
228331,1456,2948,15084,-466,-915,145,184321,93146
228473,2052,3256,15012,-274,9,-96,184332,93104
